LotFrontage,LotArea,YearBuilt,TotalBsmtSF,BedroomAbvGr,KitchenAbvGr,TotRmsAbvGrd,Street,CentralAir,GarageCars,GarageArea,YrSold,SaleType,SaleCondition,SalePrice
65,8450,2003,856,3,1,8,Pave,Y,2,548,2008,WD,Normal,208500
80,9600,1976,1262,3,1,6,Pave,Y,2,460,2007,WD,Normal,181500
68,11250,2001,920,3,1,6,Pave,Y,2,608,2008,WD,Normal,223500
60,9550,1915,756,3,1,7,Pave,Y,3,642,2006,WD,Abnorml,140000
84,14260,2000,1145,4,1,9,Pave,Y,3,836,2008,WD,Normal,250000
85,14115,1993,796,1,1,5,Pave,Y,2,480,2009,WD,Normal,143000
75,10084,2004,1686,3,1,7,Pave,Y,2,636,2007,WD,Normal,307000
NA,10382,1973,1107,3,1,7,Pave,Y,2,484,2009,WD,Normal,200000
51,6120,1931,952,2,2,8,Pave,Y,2,468,2008,WD,Abnorml,129900
50,7420,1939,991,2,2,5,Pave,Y,1,205,2008,WD,Normal,118000
70,11200,1965,1040,3,1,5,Pave,Y,1,384,2008,WD,Normal,129500
85,11924,2005,1175,4,1,11,Pave,Y,3,736,2006,New,Partial,345000
NA,12968,1962,912,2,1,4,Pave,Y,1,352,2008,WD,Normal,144000
91,10652,2006,1494,3,1,7,Pave,Y,3,840,2007,New,Partial,279500
NA,10920,1960,1253,2,1,5,Pave,Y,1,352,2008,WD,Normal,157000
51,6120,1929,832,2,1,5,Pave,Y,2,576,2007,WD,Normal,132000
NA,11241,1970,1004,2,1,5,Pave,Y,2,480,2010,WD,Normal,149000
72,10791,1967,0,2,2,6,Pave,Y,2,516,2006,WD,Normal,90000
66,13695,2004,1114,3,1,6,Pave,Y,2,576,2008,WD,Normal,159000
70,7560,1958,1029,3,1,6,Pave,Y,1,294,2009,COD,Abnorml,139000
101,14215,2005,1158,4,1,9,Pave,Y,3,853,2006,New,Partial,325300
57,7449,1930,637,3,1,6,Pave,Y,1,280,2007,WD,Normal,139400
75,9742,2002,1777,3,1,7,Pave,Y,2,534,2008,WD,Normal,230000
44,4224,1976,1040,3,1,6,Pave,Y,2,572,2007,WD,Normal,129900
NA,8246,1968,1060,3,1,6,Pave,Y,1,270,2010,WD,Normal,154000
110,14230,2007,1566,3,1,7,Pave,Y,3,890,2009,WD,Normal,256300
60,7200,1951,900,3,1,5,Pave,Y,2,576,2010,WD,Normal,134800
98,11478,2007,1704,3,1,7,Pave,Y,3,772,2010,WD,Normal,306000
47,16321,1957,1484,2,1,6,Pave,Y,1,319,2006,WD,Normal,207500
60,6324,1927,520,1,1,4,Pave,N,1,240,2008,WD,Normal,68500
50,8500,1920,649,3,1,6,Pave,N,1,250,2008,WD,Normal,40000
NA,8544,1966,1228,3,1,6,Pave,Y,1,271,2008,WD,Normal,149350
85,11049,2007,1234,3,1,7,Pave,Y,2,484,2008,WD,Normal,179900
70,10552,1959,1398,4,1,6,Pave,Y,2,447,2010,WD,Normal,165500
60,7313,2005,1561,2,1,6,Pave,Y,2,556,2007,WD,Normal,277500
108,13418,2004,1117,4,1,9,Pave,Y,3,691,2006,WD,Normal,309000
112,10859,1994,1097,3,1,6,Pave,Y,2,672,2009,WD,Normal,145000
74,8532,1954,1297,3,1,5,Pave,Y,2,498,2009,WD,Normal,153000
68,7922,1953,1057,3,1,5,Pave,Y,1,246,2010,WD,Abnorml,109000
65,6040,1955,0,2,2,6,Pave,N,0,0,2008,WD,AdjLand,82000
84,8658,1965,1088,3,1,6,Pave,Y,2,440,2006,WD,Abnorml,160000
115,16905,1959,1350,2,1,5,Pave,Y,1,308,2007,WD,Normal,170000
NA,9180,1983,840,2,1,5,Pave,Y,2,504,2007,WD,Normal,144000
NA,9200,1975,938,3,1,5,Pave,Y,1,308,2008,WD,Normal,130250
70,7945,1959,1150,3,1,6,Pave,Y,1,300,2006,WD,Normal,141000
61,7658,2005,1752,2,1,6,Pave,Y,2,576,2010,WD,Normal,319900
48,12822,2003,1434,1,1,6,Pave,Y,2,670,2009,WD,Abnorml,239686
84,11096,2006,1656,3,1,7,Pave,Y,3,826,2007,WD,Normal,249700
33,4456,1920,736,2,3,8,Pave,Y,0,0,2009,New,Partial,113000
66,7742,1966,955,3,1,6,Pave,Y,1,386,2007,WD,Normal,127000
NA,13869,1997,794,3,1,6,Pave,Y,2,388,2007,WD,Normal,177000
52,6240,1934,816,3,1,6,Pave,Y,2,528,2006,WD,Normal,114500
110,8472,1963,816,2,1,5,Grvl,N,2,516,2010,WD,Normal,110000
68,50271,1981,1842,0,1,5,Pave,Y,3,894,2006,WD,Normal,385000
60,7134,1955,384,3,1,6,Pave,Y,2,572,2007,WD,Normal,130000
100,10175,1964,1425,3,1,7,Pave,Y,2,576,2008,WD,Normal,180500
24,2645,1999,970,3,1,7,Pave,Y,2,480,2009,WD,Abnorml,172500
89,11645,2004,860,3,1,7,Pave,Y,2,565,2006,WD,Normal,196500
66,13682,2006,1410,3,1,10,Pave,Y,3,641,2006,New,Partial,438780
60,7200,1972,780,2,1,4,Pave,Y,1,352,2008,WD,Normal,124900
63,13072,2004,1158,3,1,5,Pave,Y,2,576,2006,New,Partial,158000
60,7200,1920,530,3,1,6,Pave,N,1,288,2007,WD,Normal,101000
44,6442,2006,1370,2,1,6,Pave,Y,2,484,2007,WD,Normal,202500
50,10300,1921,576,3,1,9,Pave,Y,2,480,2010,WD,Normal,140000
NA,9375,1997,1057,3,1,8,Pave,Y,2,645,2009,WD,Normal,219500
76,9591,2004,1143,4,1,9,Pave,Y,3,852,2007,WD,Normal,317000
NA,19900,1970,1947,3,1,7,Pave,Y,2,576,2010,WD,Normal,180000
72,10665,2003,1453,3,1,7,Pave,Y,2,558,2007,WD,Normal,226000
47,4608,1945,747,2,1,4,Pave,Y,1,220,2010,WD,Normal,80000
81,15593,1953,1304,3,1,7,Pave,Y,2,667,2006,WD,Normal,225000
95,13651,1973,2223,3,1,8,Pave,Y,2,516,2007,WD,Normal,244000
69,7599,1982,845,2,1,4,Pave,Y,2,360,2007,WD,Normal,129500
74,10141,1998,832,3,1,7,Pave,Y,2,427,2009,WD,Normal,185000
85,10200,1954,1086,3,1,6,Pave,Y,2,490,2010,WD,Normal,144900
60,5790,1915,840,3,2,8,Pave,N,1,379,2010,WD,Normal,107400
21,1596,1973,462,2,1,5,Pave,Y,1,297,2009,WD,Normal,91000
NA,8475,1956,952,2,1,4,Pave,Y,1,283,2008,WD,Normal,135750
50,8635,1948,672,2,1,6,Pave,Y,1,240,2008,WD,Normal,127000
72,10778,1968,1768,4,2,8,Pave,N,0,0,2010,WD,Normal,136500
60,10440,1910,440,2,1,5,Pave,Y,2,440,2009,WD,Normal,110000
100,13000,1968,896,4,1,8,Pave,Y,1,509,2009,WD,Normal,193500
32,4500,1998,1237,2,1,5,Pave,Y,2,405,2006,WD,Normal,153500
78,10206,2007,1563,3,1,6,Pave,Y,3,758,2008,WD,Normal,245000
80,8892,1960,1065,3,1,6,Pave,Y,2,461,2007,COD,Normal,126500
NA,8530,1995,384,3,1,7,Pave,Y,2,400,2009,WD,Normal,168500
121,16059,1991,1288,4,1,9,Pave,Y,2,462,2006,WD,Normal,260000
122,11911,2005,684,3,1,6,Pave,Y,2,400,2009,WD,Normal,174000
40,3951,2009,612,2,1,4,Pave,Y,2,528,2009,New,Partial,164500
105,8470,1915,1013,2,1,6,Pave,N,0,0,2009,ConLD,Abnorml,85000
60,8070,1994,990,3,1,5,Pave,Y,0,0,2007,WD,Normal,123600
60,7200,1950,0,2,1,4,Pave,Y,2,420,2006,WD,Normal,109900
85,8500,1961,1235,2,1,6,Pave,Y,2,480,2006,WD,Abnorml,98600
80,13360,1921,876,2,1,5,Pave,Y,2,432,2009,WD,Normal,163500
60,7200,1910,1214,4,2,9,Pave,N,2,506,2007,WD,Normal,133900
69,9337,1997,824,3,1,7,Pave,Y,2,684,2007,WD,Normal,204750
NA,9765,1993,680,3,1,6,Pave,Y,2,420,2009,WD,Normal,185000
78,10264,1999,1588,3,1,6,Pave,Y,2,472,2006,WD,Normal,214000
73,10921,1965,960,3,1,6,Pave,Y,1,432,2007,WD,Normal,94750
85,10625,1920,458,2,1,5,Pave,N,1,366,2010,COD,Abnorml,83000
77,9320,1959,950,3,1,6,Pave,Y,0,0,2010,WD,Normal,128950
NA,10603,1977,1610,3,1,6,Pave,Y,2,480,2010,WD,Normal,205000
77,9206,1985,741,3,1,7,Pave,Y,2,476,2010,WD,Normal,178000
64,7018,1979,0,4,2,8,Pave,Y,2,410,2009,WD,Alloca,118964
94,10402,2009,1226,3,1,6,Pave,Y,3,740,2010,WD,Normal,198900
NA,7758,1931,1040,4,1,7,Pave,Y,1,240,2007,WD,Normal,169500
75,9375,2003,1053,3,1,9,Pave,Y,2,648,2008,WD,Normal,250000
60,10800,1885,641,2,1,6,Pave,Y,1,273,2007,WD,Normal,100000
50,6000,1948,789,2,1,5,Pave,Y,1,250,2008,WD,Partial,115000
85,8500,1919,793,3,1,7,Pave,N,0,0,2007,WD,Normal,115000
105,11751,1977,1844,3,1,7,Pave,Y,2,546,2010,COD,Normal,190000
75,9525,1954,994,4,1,7,Pave,Y,1,325,2006,WD,Normal,136900
NA,7750,2000,384,3,1,7,Pave,Y,2,400,2010,WD,Normal,180000
77,9965,2007,1264,4,1,10,Pave,Y,3,792,2007,New,Partial,383970
NA,21000,1953,1809,3,1,7,Pave,Y,2,450,2007,COD,Abnorml,217000
61,7259,1945,1028,3,1,9,Pave,Y,1,180,2007,WD,Normal,259500
34,3230,1999,729,2,1,5,Pave,Y,2,440,2007,WD,Normal,176000
NA,11616,1962,1092,3,1,6,Pave,Y,1,288,2009,WD,Normal,139000
74,8536,2006,1125,2,1,5,Pave,Y,2,430,2007,New,Partial,155000
90,12376,1990,1673,5,1,11,Pave,Y,3,594,2010,WD,Normal,320000
65,8461,2005,728,3,1,8,Pave,Y,2,390,2006,New,Partial,163990
NA,21453,1969,938,1,1,4,Pave,Y,2,540,2006,WD,Normal,180000
50,6060,1939,732,3,1,4,Pave,Y,1,264,2007,WD,Normal,100000
75,9464,1958,1080,3,1,5,Pave,Y,1,288,2008,WD,Normal,136000
55,7892,1993,1199,2,1,5,Pave,Y,2,530,2008,WD,Normal,153900
48,17043,1979,1362,3,1,7,Pave,Y,2,435,2009,WD,Normal,181000
60,6780,1935,520,2,1,5,Pave,N,0,0,2006,WD,Normal,84500
NA,4928,1976,1078,2,1,5,Pave,Y,2,440,2007,WD,Normal,128000
55,4388,1930,672,3,1,5,Pave,Y,0,0,2007,WD,Normal,87000
69,7590,1966,660,3,1,6,Pave,Y,2,453,2006,WD,Normal,155000
69,8973,1958,1008,3,1,6,Pave,Y,2,750,2006,WD,Abnorml,150000
88,14200,1966,924,4,1,8,Pave,Y,2,487,2006,WD,Normal,226000
NA,12224,2000,992,3,1,7,Pave,Y,2,390,2009,WD,Normal,244000
75,7388,1959,1063,3,1,7,Pave,Y,2,624,2007,WD,Normal,150750
NA,6853,2001,1267,2,1,6,Pave,Y,2,471,2009,WD,Normal,220000
78,10335,1968,1461,3,1,7,Pave,Y,2,440,2006,WD,Normal,180000
80,10400,1970,1304,3,1,7,Pave,Y,2,530,2008,WD,Normal,174000
NA,10355,1967,1214,3,1,5,Pave,Y,1,318,2007,WD,Normal,143000
82,11070,1988,1907,5,2,9,Pave,Y,3,766,2006,WD,Family,171000
73,9066,1999,1004,3,1,7,Pave,Y,3,660,2008,WD,Normal,230000
65,15426,1997,928,3,1,7,Pave,Y,2,470,2009,WD,Normal,231500
70,10500,1971,864,3,1,5,Pave,Y,0,0,2010,ConLI,Normal,115000
78,11645,2005,1734,3,1,7,Pave,Y,2,660,2006,WD,Normal,260000
71,8520,1952,910,4,1,6,Pave,Y,2,720,2010,WD,Normal,166000
78,10335,1999,1490,3,1,6,Pave,Y,2,577,2009,WD,Normal,204000
70,9100,1963,1728,6,2,10,Pave,Y,2,504,2006,ConLI,Abnorml,125000
24,2522,2004,970,3,1,7,Pave,Y,2,380,2006,WD,Normal,130000
51,6120,1931,715,2,1,5,Pave,Y,1,180,2009,WD,Normal,105000
NA,9505,2001,884,3,1,8,Pave,Y,2,434,2010,WD,Normal,222500
63,7500,2004,1080,3,1,6,Pave,Y,0,0,2008,WD,Normal,141000
NA,6240,1936,896,3,1,7,Pave,Y,1,240,2006,WD,Normal,115000
120,10356,1975,969,3,1,5,Pave,Y,2,440,2007,WD,Normal,122000
107,13891,2007,1710,2,1,6,Pave,Y,3,866,2008,New,Partial,372402
NA,14803,1971,825,4,1,8,Pave,Y,2,495,2006,WD,Normal,190000
NA,13500,1960,1602,1,1,4,Pave,Y,2,564,2008,WD,Normal,235000
84,11340,1923,1200,4,1,7,Pave,Y,1,312,2006,WD,Family,125000
60,9600,1924,572,2,1,5,Pave,N,0,0,2008,WD,Normal,79000
60,7200,1950,0,2,1,5,Pave,Y,2,625,2006,WD,Normal,109500
92,12003,2009,774,4,1,8,Pave,Y,3,680,2010,New,Partial,269500
100,12552,2004,991,3,1,8,Pave,Y,2,678,2010,WD,Normal,254900
134,19378,2005,1392,4,1,9,Pave,Y,2,576,2006,New,Partial,320000
NA,11120,1984,1232,3,1,6,Pave,Y,2,516,2008,WD,Normal,162500
110,13688,2003,1572,3,1,10,Pave,Y,3,726,2008,WD,Normal,412500
95,12182,2005,1541,3,1,7,Pave,Y,2,532,2010,New,Partial,220000
55,5500,1956,882,1,1,4,Pave,Y,0,0,2007,WD,Normal,103200
40,5400,1926,1149,3,1,5,Pave,Y,1,216,2007,WD,Normal,152000
62,10106,1940,644,4,2,6,Pave,Y,0,0,2008,WD,Normal,127500
NA,10708,1955,1617,2,1,7,Pave,Y,1,303,2009,COD,Normal,190000
86,10562,2007,1582,3,1,8,Pave,Y,3,789,2007,New,Partial,325624
62,8244,2004,840,3,1,7,Pave,Y,2,440,2007,WD,Normal,183500
NA,16669,1981,1686,2,1,6,Pave,Y,2,511,2006,WD,Normal,228000
NA,12358,1941,720,2,1,7,Pave,Y,2,660,2007,WD,Normal,128500
141,31770,1960,1080,3,1,7,Pave,Y,2,528,2010,WD,Normal,215000
44,5306,1987,1064,2,1,5,Pave,Y,2,504,2006,WD,Normal,239000
80,10197,1961,1362,3,1,6,Pave,Y,2,504,2008,COD,Normal,163000
47,12416,1986,1606,3,1,7,Pave,Y,2,616,2008,WD,Normal,184000
84,12615,1950,1202,4,1,7,Pave,Y,2,576,2007,WD,Normal,243000
97,10029,1988,1151,4,1,8,Pave,Y,2,521,2007,WD,Normal,211000
NA,13650,1958,1052,4,1,8,Pave,Y,2,451,2006,WD,Normal,172500
63,17423,2008,2216,1,1,9,Pave,Y,3,1166,2009,New,Partial,501837
60,8520,1923,968,2,1,5,Pave,Y,2,480,2007,WD,Normal,100000
NA,2117,2000,756,3,1,5,Pave,Y,2,440,2007,WD,Normal,177000
54,7588,1920,793,4,1,9,Pave,Y,1,216,2006,WD,Normal,200100
60,9060,1957,0,3,1,7,Pave,Y,1,252,2007,WD,Normal,120000
63,11426,2003,1362,3,1,6,Pave,Y,2,484,2008,WD,Normal,200000
92,7438,1908,504,3,1,5,Pave,Y,2,576,2006,WD,Normal,127000
90,22950,1892,1107,4,1,12,Pave,Y,3,840,2006,WD,Normal,475000
NA,9947,1990,1188,3,1,6,Pave,Y,2,497,2009,WD,Normal,173000
60,10410,1916,660,3,1,8,Pave,Y,1,180,2009,WD,Normal,135000
64,7018,1979,1086,2,2,6,Pave,Y,2,528,2009,WD,Alloca,153337
41,4923,2001,1593,0,1,5,Pave,Y,2,682,2008,WD,Normal,286000
70,10570,1932,853,3,1,10,Pave,Y,2,440,2007,WD,Normal,315000
NA,7472,1972,725,4,1,7,Pave,Y,2,484,2007,WD,Normal,184000
68,9017,1999,1431,3,1,6,Pave,Y,2,666,2009,WD,Normal,192000
24,2522,2004,970,3,1,7,Pave,Y,2,380,2006,WD,Normal,130000
60,7180,1972,864,3,1,5,Pave,Y,1,352,2008,WD,Normal,127000
24,2280,1976,855,3,1,7,Pave,Y,2,440,2009,WD,Normal,148500
79,9416,2007,1726,3,1,8,Pave,Y,3,786,2007,New,Partial,311872
174,25419,1918,1360,4,1,8,Pave,Y,2,795,2006,WD,Abnorml,235000
92,5520,1912,755,5,1,8,Pave,Y,0,0,2009,WD,Abnorml,104000
76,9591,2004,1713,3,1,7,Pave,Y,3,856,2009,WD,Normal,274900
80,8546,2003,1121,2,1,5,Pave,Y,2,440,2010,WD,Normal,140000
75,10125,1977,1196,3,1,6,Pave,Y,2,473,2008,WD,Normal,171500
50,7000,1924,617,2,1,6,Pave,Y,1,398,2006,COD,Normal,112000
NA,4438,2004,848,1,1,3,Pave,Y,2,420,2008,WD,Normal,149000
50,3500,1947,720,2,1,5,Pave,Y,1,240,2009,WD,Normal,110000
99,11851,1990,1424,3,1,5,Pave,Y,2,500,2009,WD,Normal,180500
40,13673,1962,1140,3,1,8,Pave,Y,1,349,2007,WD,Normal,143900
NA,12493,1960,1100,3,1,6,Pave,Y,1,312,2008,WD,Normal,141000
NA,14364,1988,1157,3,1,7,Pave,Y,2,454,2007,WD,Normal,277000
75,8250,1964,1092,3,1,6,Pave,Y,2,504,2008,WD,Normal,145000
67,5604,1925,864,2,1,5,Pave,N,0,0,2008,WD,Normal,98000
83,10420,2009,1212,3,1,6,Pave,Y,2,460,2010,WD,Normal,186000
72,8640,2009,900,3,1,7,Pave,Y,2,644,2009,New,Partial,252678
43,13568,1995,990,3,1,5,Pave,Y,2,576,2006,WD,Normal,156000
NA,10900,1977,689,3,1,6,Pave,Y,1,299,2010,WD,Normal,161750
72,10011,1957,1070,2,1,6,Pave,Y,1,447,2006,WD,Normal,134450
65,8450,2004,1436,3,1,8,Pave,Y,2,484,2008,WD,Normal,210000
57,9906,1925,686,3,1,8,Pave,N,1,210,2006,WD,Family,107000
NA,15660,1939,798,3,1,8,Pave,Y,2,431,2008,WD,Normal,311500
43,3010,2005,1248,2,1,5,Pave,Y,2,438,2006,New,Partial,167240
73,8990,2006,1498,2,1,5,Pave,Y,2,675,2006,New,Partial,204900
NA,8068,2002,1010,4,1,8,Pave,Y,2,390,2009,ConLI,Normal,200000
85,11475,1975,713,3,1,6,Pave,Y,2,434,2006,WD,Normal,179900
70,10500,1971,864,2,1,4,Pave,Y,2,576,2009,WD,Abnorml,97000
103,13472,2003,2392,3,1,8,Pave,Y,3,968,2009,WD,Normal,386250
21,1680,1971,630,3,1,6,Pave,Y,1,280,2009,COD,Abnorml,112000
82,9950,1995,1203,4,1,9,Pave,Y,3,721,2007,WD,Abnorml,290000
21,1869,1970,483,2,1,5,Pave,Y,1,280,2008,WD,Normal,106000
70,8521,1967,912,3,1,5,Pave,Y,1,336,2010,WD,Normal,125000
43,3182,2005,1373,2,1,7,Pave,Y,2,430,2009,WD,Normal,192500
73,8760,1959,1194,3,1,6,Pave,Y,1,312,2010,WD,Normal,148000
174,15138,1995,1462,4,1,9,Pave,Y,3,810,2009,WD,Normal,403000
21,1680,1972,483,2,1,5,Pave,Y,1,288,2006,WD,Normal,94500
75,10650,1976,894,3,1,5,Pave,Y,1,308,2010,WD,Normal,128200
NA,7851,2002,860,4,1,8,Pave,Y,2,440,2010,WD,Normal,216500
21,1680,1971,483,2,1,5,Pave,Y,1,264,2008,WD,Normal,89500
65,8773,2004,1414,3,1,6,Pave,Y,2,494,2010,WD,Normal,185500
NA,9453,1993,996,3,1,7,Pave,Y,2,457,2010,WD,Normal,194500
93,12030,2007,1694,3,1,7,Pave,Y,3,818,2007,New,Partial,318000
52,8741,1945,735,3,1,7,Pave,Y,1,220,2010,WD,Normal,113000
75,9000,2008,1566,3,1,7,Pave,Y,2,750,2010,WD,Normal,262500
40,3880,1945,686,2,1,4,Pave,Y,0,0,2007,WD,Normal,110500
63,5000,1900,540,3,1,6,Pave,N,1,352,2006,WD,Normal,79000
75,10762,1980,626,3,1,6,Pave,Y,1,288,2009,WD,Normal,120000
NA,8880,1994,948,3,1,8,Pave,Y,2,463,2010,WD,Normal,205000
80,10400,1988,1845,3,1,6,Pave,Y,2,604,2006,WD,Normal,241500
69,9142,1910,1020,4,2,9,Pave,N,1,440,2006,WD,Normal,137000
75,11310,1954,1367,2,1,5,Pave,Y,2,451,2006,WD,Normal,140000
72,11317,2003,840,3,1,8,Pave,Y,2,500,2007,WD,Normal,180000
NA,159000,1958,1444,4,1,7,Pave,Y,2,389,2007,WD,Normal,277000
55,5350,1940,728,3,1,6,Pave,Y,0,0,2010,WD,Normal,76500
44,4750,2006,1573,2,1,5,Pave,Y,2,538,2007,WD,Family,235000
65,8366,2004,798,3,1,6,Pave,Y,2,520,2008,WD,Normal,173000
85,9350,1964,1302,3,1,7,Pave,Y,1,309,2007,CWD,Normal,158000
70,8400,1957,1314,3,1,5,Pave,Y,1,294,2010,WD,Normal,145000
66,8738,1999,975,4,1,8,Pave,Y,2,429,2006,WD,Normal,230000
64,8791,2003,864,3,1,7,Pave,Y,2,673,2008,WD,Normal,207500
68,8814,2006,1604,3,1,8,Pave,Y,2,660,2009,WD,Abnorml,220000
80,12435,2001,963,3,1,7,Pave,Y,2,564,2008,WD,Normal,231500
70,12702,1956,0,2,1,4,Pave,Y,1,308,2008,WD,Normal,97000
120,19296,1962,1362,3,1,6,Pave,Y,2,884,2009,WD,Normal,176000
69,9588,2007,1482,3,1,10,Pave,Y,3,868,2007,New,Partial,276000
88,8471,1977,506,3,1,6,Pave,Y,2,492,2006,WD,Normal,151000
50,5500,1929,926,3,1,6,Pave,Y,2,484,2010,WD,Normal,130000
30,5232,1925,680,2,1,4,Pave,N,2,504,2008,WD,Normal,73000
78,12090,1981,1422,3,1,7,Pave,Y,2,576,2008,WD,Normal,175500
70,11207,1997,802,3,1,8,Pave,Y,2,413,2006,WD,Normal,185000
60,8400,1939,720,4,1,8,Pave,Y,1,240,2008,WD,Normal,179500
71,6900,1940,740,2,1,4,Pave,Y,1,924,2008,WD,Normal,120500
NA,7917,1976,1143,3,1,6,Pave,Y,1,504,2007,WD,Normal,148000
84,10728,2006,1095,3,1,8,Pave,Y,3,1053,2006,New,Partial,266000
73,39104,1954,1385,2,1,5,Pave,Y,2,439,2008,WD,Normal,241500
92,11764,1999,1152,4,1,9,Pave,Y,3,671,2010,WD,Normal,290000
80,9600,1958,1240,3,1,6,Pave,Y,1,338,2009,WD,Normal,139000
76,8314,1982,816,2,1,5,Pave,Y,1,264,2007,WD,Normal,124500
55,7264,1925,952,3,1,5,Pave,N,2,672,2009,WD,Normal,205000
129,9196,2003,1560,3,1,7,Pave,Y,2,573,2010,WD,Normal,201000
140,19138,1951,864,2,1,4,Pave,Y,2,400,2010,WD,Normal,141000
107,14450,2006,2121,3,1,8,Pave,Y,3,732,2007,New,Partial,415298
83,10005,1977,1160,4,1,8,Pave,Y,2,505,2008,WD,Normal,192000
82,11287,1989,807,3,1,7,Pave,Y,2,575,2007,WD,Normal,228500
60,7200,2006,1262,2,1,5,Pave,Y,2,572,2006,New,Partial,185000
34,5063,2007,1314,2,1,6,Pave,Y,2,626,2009,ConLw,Normal,207500
74,9612,2008,1468,3,1,6,Pave,Y,3,898,2009,New,Partial,244600
50,8012,1992,1575,2,1,5,Pave,Y,2,529,2007,WD,Normal,179200
35,4251,2006,625,2,1,5,Pave,Y,2,528,2007,New,Partial,164700
77,9786,1962,912,3,1,7,Pave,Y,2,440,2006,WD,Normal,159000
NA,8125,1971,858,3,1,5,Pave,Y,0,0,2006,WD,Normal,88000
NA,9819,1967,882,3,1,5,Pave,Y,1,280,2010,WD,Normal,122000
60,8730,1915,698,3,1,7,Pave,Y,1,384,2007,WD,Normal,153575
120,15611,2006,1079,3,1,8,Pave,Y,2,685,2006,New,Partial,233230
55,5687,1912,780,6,1,9,Pave,N,0,0,2008,WD,Normal,135900
60,11409,1949,768,3,1,8,Pave,Y,1,281,2009,WD,Normal,131000
NA,16659,1977,795,3,1,9,Pave,Y,2,539,2006,WD,Normal,235000
80,9600,1953,1416,3,1,7,Pave,Y,2,418,2009,WD,Normal,167000
37,7937,1984,1003,3,1,6,Pave,Y,2,588,2006,WD,Normal,142500
75,13710,1950,910,4,1,6,Pave,Y,1,282,2007,WD,Normal,152000
66,7399,1997,975,3,1,7,Pave,Y,2,576,2007,WD,Normal,239000
90,11700,1968,702,3,1,7,Pave,Y,2,539,2007,WD,Normal,175000
80,14000,1950,1092,3,1,6,Pave,Y,1,300,2009,WD,Family,158500
90,15750,1953,1165,2,1,5,Pave,Y,1,375,2006,WD,Normal,157000
66,16226,1998,1028,4,1,9,Pave,Y,2,683,2007,WD,Normal,267000
118,13704,2001,1541,3,1,6,Pave,Y,3,843,2006,WD,Normal,205000
70,9800,1972,894,3,1,5,Pave,Y,2,552,2006,WD,Abnorml,149900
87,18386,1880,1470,3,1,10,Pave,Y,3,870,2008,WD,Normal,295000
80,10386,2004,2000,3,1,8,Pave,Y,3,888,2007,WD,Normal,305900
116,13474,1990,700,4,1,8,Pave,Y,3,746,2007,WD,Normal,225000
NA,7920,1920,319,3,1,6,Pave,Y,0,0,2008,WD,Normal,89500
NA,12342,1940,861,1,1,4,Pave,Y,2,539,2009,WD,Normal,82500
90,12378,2003,1896,3,1,8,Pave,Y,3,708,2006,WD,Normal,360000
NA,7685,1993,697,3,1,6,Pave,Y,2,420,2006,WD,Normal,165600
50,8000,1948,972,2,1,5,Pave,Y,1,240,2009,WD,Normal,132000
65,7800,1939,793,3,1,5,Pave,Y,2,410,2006,WD,Normal,119900
150,215245,1965,2136,3,1,8,Pave,Y,2,513,2009,WD,Normal,375000
60,9600,1925,728,3,1,6,Pave,Y,2,546,2006,WD,Normal,178000
71,7795,2004,716,3,1,6,Pave,Y,2,432,2009,WD,Normal,188500
94,13005,1980,845,4,1,10,Pave,Y,2,484,2009,WD,Normal,260000
75,9000,2006,1088,3,1,8,Pave,Y,3,1025,2007,WD,Normal,270000
90,9900,1993,1347,4,1,9,Pave,Y,3,656,2009,WD,Normal,260000
NA,14115,1980,1372,3,1,6,Pave,Y,2,588,2009,WD,Normal,187500
111,16259,2006,1249,4,1,9,Pave,Y,3,840,2006,New,Partial,342643
99,12099,2004,1136,4,1,10,Pave,Y,3,872,2007,WD,Normal,354000
86,10380,1986,1502,4,1,8,Pave,Y,2,576,2007,WD,Normal,301000
49,5820,1955,1162,3,1,6,Pave,Y,1,220,2006,WD,Normal,126175
96,11275,1967,710,5,1,11,Pave,Y,2,564,2010,WD,Normal,242000
50,5000,1941,720,2,1,5,Pave,N,2,360,2007,WD,Normal,87000
32,10846,1993,1719,1,1,6,Pave,Y,2,473,2008,Con,Normal,324000
80,11600,1960,1383,3,1,7,Pave,Y,1,292,2006,WD,Normal,145250
NA,11888,1916,844,5,1,10,Pave,N,2,441,2009,WD,Normal,214500
60,6402,1920,596,3,1,6,Pave,N,1,189,2009,WD,Normal,78000
NA,10624,1964,1728,6,2,10,Pave,Y,1,352,2007,WD,Normal,119000
70,8176,1958,1056,3,1,6,Pave,Y,1,308,2007,WD,Normal,139000
85,10655,2003,3206,3,1,7,Pave,Y,3,880,2009,WD,Normal,284000
59,8198,2004,1358,2,1,6,Pave,Y,2,484,2008,WD,Normal,207000
59,9042,1998,943,3,1,7,Pave,Y,2,472,2008,WD,Normal,192000
NA,164660,1965,1499,3,1,7,Grvl,Y,2,529,2008,WD,Normal,228950
86,14157,2005,1922,3,1,8,Pave,Y,3,676,2007,WD,Normal,377426
70,9135,2002,1536,3,1,7,Pave,Y,2,532,2008,WD,Normal,214000
91,14145,1984,1208,3,1,8,Pave,Y,2,440,2006,WD,Normal,202500
66,12400,1958,1215,3,1,6,Pave,Y,1,297,2009,WD,Normal,155000
85,14191,2002,967,4,1,9,Pave,Y,2,431,2010,WD,Normal,202900
60,8400,1950,721,2,1,4,Pave,Y,1,294,2009,WD,Normal,82000
NA,8544,1949,0,2,2,6,Pave,N,2,400,2006,WD,Normal,87500
63,8849,2005,1684,2,1,6,Pave,Y,2,564,2008,WD,Normal,266000
36,2592,1976,536,3,1,4,Pave,Y,1,336,2010,WD,Normal,85000
65,6435,1939,972,3,1,6,Pave,Y,1,312,2006,WD,Normal,140200
NA,12772,1960,958,2,1,5,Pave,Y,1,301,2007,WD,Normal,151500
NA,17600,1960,1478,3,1,6,Pave,Y,2,498,2009,WD,Normal,157500
36,2448,2003,764,2,1,6,Pave,Y,2,474,2008,WD,Normal,154000
56,20431,2005,1848,4,1,10,Pave,Y,3,706,2006,New,Partial,437154
68,7820,2007,1869,2,1,6,Pave,Y,2,617,2007,New,Partial,318061
NA,5271,1986,1453,2,1,6,Pave,Y,2,445,2006,WD,Abnorml,190000
60,9084,1941,616,3,1,5,Pave,N,1,200,2008,ConLw,Normal,95000
60,8520,1928,624,2,1,5,Pave,Y,2,484,2010,WD,Normal,105900
60,8400,1940,940,2,1,6,Pave,Y,1,240,2006,WD,Normal,140000
105,11249,1995,1200,3,1,6,Pave,Y,2,521,2007,WD,Normal,177500
NA,9248,1992,1158,3,1,6,Pave,Y,2,400,2009,WD,Normal,173000
44,4224,1976,1142,3,1,6,Pave,Y,2,528,2007,WD,Normal,134000
92,6930,1958,1062,3,1,6,Pave,Y,1,288,2006,WD,Abnorml,130000
78,12011,1998,1086,3,1,7,Pave,Y,2,592,2006,WD,Normal,280000
NA,7540,1978,888,2,1,5,Pave,Y,2,470,2007,WD,Normal,156000
NA,9144,1940,883,3,1,8,Pave,Y,1,240,2008,WD,Normal,145000
64,7301,2003,0,4,1,7,Pave,Y,2,672,2009,ConLD,Normal,198500
21,1680,1972,483,2,1,5,Pave,Y,1,264,2009,WD,Normal,118000
NA,18800,1976,796,3,1,6,Pave,Y,2,566,2006,WD,Normal,190000
59,10690,1920,672,3,1,6,Pave,Y,1,468,2009,WD,Normal,147000
NA,9500,1963,1394,3,1,6,Pave,Y,2,514,2009,WD,Normal,159000
101,9150,1962,1099,3,1,6,Pave,Y,1,296,2008,WD,Normal,165000
78,7800,1954,1268,2,1,7,Pave,Y,1,244,2010,WD,Normal,132000
NA,9830,1959,1063,3,1,7,Pave,Y,2,576,2010,WD,Normal,162000
NA,8121,2000,953,3,1,7,Pave,Y,2,460,2006,WD,Normal,172400
80,17120,1959,0,4,1,7,Pave,Y,2,680,2008,WD,Normal,134432
50,7175,1984,744,2,1,4,Pave,Y,1,264,2010,WD,Normal,125000
79,10634,1953,608,3,1,5,Pave,Y,1,270,2009,WD,Normal,123000
65,8200,2003,847,4,1,8,Pave,Y,2,434,2007,WD,Normal,219500
NA,10020,1922,683,1,1,4,Pave,N,0,0,2009,WD,Normal,61000
57,8846,1996,870,2,1,5,Pave,Y,2,576,2006,WD,Normal,148000
102,11143,2004,1580,4,1,8,Pave,Y,2,610,2007,WD,Normal,340000
88,11394,2010,1856,1,1,8,Pave,Y,3,834,2010,New,Partial,394432
60,8123,2000,982,3,1,7,Pave,Y,2,463,2009,WD,Normal,179000
50,5000,1924,1026,3,1,6,Pave,Y,1,308,2010,WD,Normal,127000
60,7200,2006,1293,2,1,5,Pave,Y,2,572,2006,New,Partial,187750
79,9245,2006,939,3,1,8,Pave,Y,2,639,2007,WD,Normal,213500
60,9000,1928,784,2,1,5,Pave,N,2,360,2009,WD,Normal,76000
NA,53107,1992,1580,3,1,9,Pave,Y,2,501,2007,WD,Normal,240000
43,3182,2004,1256,2,1,6,Pave,Y,2,430,2010,WD,Normal,192000
58,8410,1910,658,5,1,8,Pave,Y,0,0,2006,WD,AdjLand,81000
72,7200,1976,1041,3,1,6,Pave,Y,1,352,2009,WD,Abnorml,125000
93,9382,1999,1468,3,1,6,Pave,Y,2,577,2008,WD,Normal,191000
96,12474,2007,1682,3,1,9,Pave,Y,3,846,2008,New,Partial,426000
50,8405,1900,861,4,1,7,Pave,Y,1,384,2008,WD,Normal,119000
71,12209,2001,804,3,1,7,Pave,Y,2,560,2009,WD,Normal,215000
NA,8339,1959,0,3,1,5,Pave,Y,1,294,2007,WD,Normal,106500
NA,7446,1941,788,2,1,4,Pave,Y,0,0,2006,WD,Abnorml,100000
60,10134,1940,735,2,1,5,Pave,Y,1,240,2007,WD,Normal,109000
68,9571,1956,1144,3,1,6,Pave,Y,1,596,2010,WD,Normal,129000
60,7200,1972,894,2,1,6,Pave,Y,2,600,2009,WD,Normal,123000
69,7590,1962,864,4,1,8,Pave,Y,1,264,2007,WD,Normal,169500
60,8967,1920,961,2,1,6,Pave,Y,1,338,2007,WD,Abnorml,67000
65,8125,2006,1092,2,1,7,Pave,Y,2,438,2009,WD,Normal,241000
38,14963,1996,1260,1,1,4,Pave,Y,2,500,2008,WD,Normal,245500
65,8767,2005,1310,3,1,6,Pave,Y,2,400,2006,New,Partial,164990
60,10200,1940,672,2,1,4,Pave,Y,1,240,2008,WD,Normal,108000
93,12090,1998,1141,4,1,10,Pave,Y,2,420,2006,WD,Abnorml,258000
NA,10364,1995,806,3,1,7,Pave,Y,2,373,2007,WD,Normal,168000
NA,9991,1976,1281,3,1,8,Pave,Y,2,490,2009,WD,Normal,150000
51,10480,1936,1064,3,1,6,Pave,Y,1,240,2008,WD,Normal,115000
63,15576,1915,840,4,1,8,Pave,Y,1,308,2008,WD,Normal,177000
109,14154,2006,1063,3,1,9,Pave,Y,3,947,2007,New,Partial,280000
85,10800,2007,1034,3,1,8,Pave,Y,3,836,2008,New,Partial,339750
68,9571,1958,1276,3,1,5,Pave,Y,1,350,2009,COD,Abnorml,60000
100,34650,1955,1056,3,1,5,Pave,N,2,572,2006,WD,Normal,145000
NA,4403,2009,1470,2,1,7,Pave,Y,2,484,2010,New,Partial,222000
56,8960,1927,1008,2,1,5,Pave,Y,2,360,2010,WD,Normal,115000
59,11228,1993,1080,3,1,9,Pave,Y,3,678,2008,WD,Normal,228000
73,8899,2007,1340,3,1,6,Pave,Y,2,396,2007,New,Partial,181134
74,7844,1978,672,3,1,6,Pave,Y,2,440,2006,WD,Normal,149500
86,22420,1918,1370,4,1,10,Pave,N,3,864,2007,WD,Normal,239000
60,8160,1940,756,3,1,7,Pave,N,1,240,2007,WD,AdjLand,126000
65,8450,1968,1056,3,1,6,Pave,Y,1,304,2010,WD,Normal,142000
78,7060,1997,1344,2,2,8,Pave,Y,4,784,2008,WD,Alloca,206300
NA,16635,1977,1602,3,1,8,Pave,Y,2,529,2009,WD,Normal,215000
100,21750,1954,988,2,1,4,Pave,Y,2,520,2008,WD,Normal,113000
80,9200,1998,1470,4,1,8,Pave,Y,3,696,2008,WD,Normal,315000
72,9000,1956,1196,2,1,6,Pave,Y,1,297,2008,WD,Normal,139000
60,3378,1946,651,3,1,6,Pave,Y,1,240,2009,WD,Normal,135000
NA,12800,1989,1518,2,1,5,Pave,Y,2,569,2009,WD,Normal,275000
77,8593,1957,907,3,1,5,Pave,Y,1,352,2008,WD,Normal,109008
64,6762,2007,1208,2,1,6,Pave,Y,2,628,2007,New,Partial,195400
130,11457,1988,1392,3,1,6,Pave,Y,2,576,2009,WD,Normal,175000
21,1680,1971,483,2,1,4,Pave,Y,1,264,2008,COD,Abnorml,85400
60,5586,1920,901,4,1,7,Pave,Y,0,0,2008,ConLD,Abnorml,79900
24,1920,1971,765,2,1,6,Pave,Y,2,440,2007,WD,Normal,122500
100,10839,1997,926,3,1,7,Pave,Y,2,470,2008,WD,Normal,181000
21,1890,1972,630,1,1,3,Pave,Y,0,0,2008,WD,Normal,81000
43,10667,1996,799,3,1,6,Pave,Y,2,550,2009,ConLw,Normal,212000
40,4400,1920,648,2,1,6,Pave,Y,2,440,2006,WD,Normal,116000
50,6000,1926,884,2,1,4,Pave,Y,1,180,2009,WD,Normal,119000
40,4280,1913,440,2,1,4,Pave,N,1,352,2007,WD,Normal,90350
67,12354,1920,684,3,1,7,Pave,Y,2,528,2009,ConLI,Normal,110000
105,15431,2008,3094,2,1,10,Pave,Y,3,672,2009,WD,Normal,555000
92,12108,1955,1440,4,2,8,Pave,N,0,0,2008,WD,Normal,118000
52,6240,1930,1078,3,1,8,Pave,Y,2,360,2008,WD,Normal,162900
53,3922,2006,1258,2,1,6,Pave,Y,3,648,2007,New,Partial,172500
70,8750,1994,915,4,1,8,Pave,Y,2,493,2008,WD,Normal,210000
73,9855,1956,1436,3,1,7,Pave,Y,2,480,2009,COD,Normal,127500
137,16492,1966,1517,2,1,6,Pave,Y,2,578,2010,WD,Normal,190000
NA,11214,1998,930,4,1,10,Pave,Y,2,431,2006,WD,Normal,199900
50,8600,1937,780,3,1,7,Pave,Y,1,198,2006,WD,Normal,119500
50,6000,1948,649,2,1,6,Pave,Y,1,308,2007,WD,Normal,120000
70,5684,1930,813,2,1,5,Pave,Y,1,270,2006,WD,Normal,110000
62,70761,1975,1533,2,1,5,Pave,Y,2,576,2006,WD,Normal,280000
NA,9303,1996,872,3,1,7,Pave,Y,2,422,2007,WD,Normal,204000
75,9000,2008,768,3,1,6,Pave,Y,2,676,2009,WD,Normal,210000
63,9297,1976,1728,4,2,8,Pave,Y,2,560,2006,WD,Family,188000
80,9600,1973,1242,3,1,6,Pave,Y,2,528,2007,WD,Normal,175500
34,4571,1916,624,4,1,7,Pave,N,3,513,2008,COD,Abnorml,98000
NA,53227,1954,1364,2,1,6,Pave,Y,2,529,2008,WD,Normal,256000
NA,5100,1925,588,3,1,7,Pave,Y,1,228,2008,WD,Normal,161000
NA,7015,1950,709,3,1,5,Pave,Y,1,352,2009,WD,Normal,110000
75,8004,2009,832,3,1,8,Pave,Y,2,552,2009,New,Partial,263435
60,7200,1936,560,3,1,6,Pave,Y,2,576,2009,WD,Normal,155000
60,8281,1965,864,3,1,5,Pave,Y,1,360,2009,WD,Normal,62383
74,11988,1934,715,3,1,6,Pave,Y,1,240,2008,WD,Normal,188700
60,8430,1978,1040,3,1,5,Pave,Y,0,0,2009,WD,Normal,124000
NA,3072,2004,1375,2,1,6,Pave,Y,2,398,2006,WD,Normal,178740
85,10628,1970,1277,2,1,5,Pave,Y,2,526,2007,WD,Normal,167000
79,9480,1942,728,3,1,7,Pave,Y,1,312,2007,WD,Normal,146500
98,11428,2006,1626,3,1,7,Pave,Y,3,866,2007,WD,Normal,250000
76,9291,1993,832,3,1,7,Pave,Y,2,506,2008,WD,Normal,187000
NA,6820,1985,1488,1,1,4,Pave,Y,2,528,2010,WD,Normal,212000
92,11952,1977,808,3,1,8,Pave,Y,2,534,2007,WD,Normal,190000
35,3675,2005,547,2,1,5,Pave,Y,2,525,2008,WD,Normal,148000
110,14977,2006,1976,2,1,7,Pave,Y,3,908,2007,New,Partial,440000
41,5330,2000,1494,2,1,6,Pave,Y,2,499,2007,WD,Normal,251000
80,8480,1963,970,2,1,5,Pave,Y,2,624,2007,WD,Normal,132500
75,13125,1997,1478,3,1,7,Pave,Y,2,508,2008,WD,Normal,208900
105,13693,2006,2153,3,1,9,Pave,Y,3,694,2007,WD,Normal,380000
79,10637,2007,1705,3,1,7,Pave,Y,3,826,2009,WD,Normal,297000
50,5925,1937,907,2,1,7,Pave,Y,2,672,2007,WD,Alloca,89471
98,16033,2004,1833,3,1,8,Pave,Y,3,772,2006,WD,Normal,326000
72,11846,2003,1792,2,1,6,Pave,Y,3,874,2006,WD,Normal,374000
50,2500,1915,910,4,1,7,Pave,Y,1,164,2009,WD,Normal,155000
32,4500,1998,1216,2,1,5,Pave,Y,2,402,2006,WD,Normal,164000
NA,7758,1962,999,3,1,6,Pave,Y,1,264,2007,WD,Normal,132500
80,9600,1950,1113,3,1,5,Pave,Y,1,264,2009,WD,Normal,147000
79,10289,1965,1073,3,1,6,Pave,Y,2,515,2007,WD,Normal,156000
70,12243,1971,1484,3,1,7,Pave,Y,2,487,2007,WD,Normal,175000
60,10800,1900,954,3,2,10,Pave,N,2,520,2006,ConLD,Normal,160000
21,1526,1970,630,1,1,3,Pave,Y,1,286,2009,WD,Normal,86000
NA,2665,1976,264,3,1,4,Pave,Y,1,336,2008,WD,Normal,115000
79,9490,1941,806,3,1,5,Pave,Y,1,240,2006,WD,Normal,133000
105,15578,2006,728,3,1,8,Pave,Y,2,429,2006,New,Partial,172785
70,7931,1960,1269,3,1,6,Pave,Y,1,308,2008,WD,Normal,155000
50,5784,1938,190,2,1,4,Pave,Y,1,273,2009,WD,Normal,91300
60,7879,1920,720,2,1,4,Pave,N,0,0,2009,WD,Abnorml,34900
NA,12692,1992,3200,4,1,10,Pave,Y,2,546,2007,WD,Normal,430000
60,9120,1925,1026,4,1,8,Pave,Y,1,240,2008,WD,Normal,184000
65,7800,1967,864,3,1,5,Pave,Y,1,288,2009,WD,Normal,130000
70,7535,1958,912,2,1,5,Pave,Y,1,297,2007,WD,Normal,120000
21,1890,1973,672,3,1,7,Pave,Y,1,264,2007,WD,Normal,113000
75,9803,2005,866,3,1,7,Pave,Y,2,603,2008,WD,Normal,226700
70,9170,1965,1214,2,1,6,Pave,Y,2,461,2007,WD,Normal,140000
100,15602,1959,1501,1,1,6,Pave,Y,2,484,2010,WD,Normal,289000
24,2308,1974,855,3,1,6,Pave,Y,2,440,2009,WD,Normal,147000
60,7596,1952,960,4,2,10,Pave,Y,2,400,2009,COD,Normal,124500
80,9554,1993,777,3,1,8,Pave,Y,2,471,2006,WD,Normal,215000
75,7862,2009,1218,2,1,4,Pave,Y,2,676,2009,New,Partial,208300
60,9600,1928,689,3,1,7,Pave,Y,2,360,2008,WD,Normal,161000
80,9600,1959,1041,3,1,6,Pave,Y,1,270,2009,WD,Normal,124500
75,14559,1951,1008,2,1,6,Pave,Y,1,288,2009,WD,Normal,164900
40,6792,2005,1368,2,1,6,Pave,Y,2,474,2006,New,Partial,202665
70,9100,1958,864,3,1,5,Pave,Y,2,624,2006,WD,Normal,129900
71,9187,1983,1084,3,1,5,Pave,Y,2,484,2007,WD,Normal,134000
55,10594,1926,768,2,1,5,Pave,N,1,200,2007,WD,Normal,96500
94,12220,2009,2006,3,1,9,Pave,Y,3,900,2009,New,Partial,402861
NA,10448,1972,689,3,1,7,Pave,Y,2,583,2009,COD,Abnorml,158000
79,10208,1996,1264,3,1,7,Pave,Y,3,889,2009,WD,Normal,265000
NA,9531,1998,794,3,1,7,Pave,Y,2,546,2007,WD,Normal,211000
53,10918,1926,1276,3,1,9,Pave,Y,1,282,2009,WD,Normal,234000
60,10800,1900,0,3,2,7,Pave,N,0,0,2008,WD,Normal,106250
90,11988,1957,1244,3,1,6,Pave,Y,1,336,2007,WD,Normal,150000
50,5000,1947,1004,3,1,7,Pave,Y,2,420,2006,WD,Normal,159000
130,40094,2007,3138,3,1,11,Pave,Y,3,884,2007,New,Partial,184750
95,11787,1996,1379,3,1,8,Pave,Y,3,834,2007,WD,Normal,315750
62,7500,2005,1257,3,1,6,Pave,Y,2,453,2006,WD,Normal,176000
70,13300,1956,928,2,1,4,Pave,Y,1,252,2007,WD,Normal,132000
67,14948,2008,1452,3,1,11,Pave,Y,3,858,2008,New,Partial,446261
58,9098,1920,528,2,1,5,Pave,Y,0,0,2007,WD,Normal,86000
NA,32668,1957,2035,4,2,9,Pave,Y,2,484,2007,WD,Alloca,200624
85,10200,1988,1461,3,1,5,Pave,Y,2,600,2008,WD,Abnorml,175000
60,6155,1920,611,3,1,6,Pave,Y,2,502,2008,WD,Normal,128000
60,7200,1955,0,2,1,5,Pave,Y,1,392,2010,WD,Normal,107500
50,5000,1946,0,1,1,2,Pave,N,0,0,2007,WD,Normal,39300
74,9056,2004,707,3,1,6,Pave,Y,2,403,2006,WD,Normal,178000
70,7000,1910,1117,3,1,5,Pave,Y,0,0,2008,WD,Normal,107500
57,8924,1998,880,3,1,8,Pave,Y,2,527,2008,WD,Normal,188000
NA,12735,1972,864,3,1,5,Pave,Y,2,576,2008,COD,Normal,111250
NA,11553,1968,1051,3,1,7,Pave,Y,1,336,2006,WD,Normal,158000
NA,11423,2001,1581,3,1,6,Pave,Y,2,670,2010,WD,Normal,272000
85,14601,2006,1838,2,1,8,Pave,Y,3,765,2009,WD,Normal,315000
NA,11000,2000,969,4,1,8,Pave,Y,3,648,2007,WD,Normal,248000
78,10140,1998,1650,3,1,7,Pave,Y,2,583,2009,WD,Normal,213250
34,4058,1998,723,1,1,4,Pave,Y,1,367,2007,WD,Normal,133000
58,17104,2006,654,3,1,7,Pave,Y,2,426,2006,New,Partial,179665
NA,13837,1988,1204,4,1,9,Pave,Y,3,786,2006,WD,Normal,229000
70,8737,1923,1065,3,1,6,Pave,Y,2,440,2007,WD,Normal,210000
54,7244,1970,768,2,1,5,Pave,Y,2,624,2007,WD,Normal,129500
49,8235,1955,825,2,1,4,Pave,Y,2,720,2008,WD,Normal,125000
75,9375,2003,912,4,1,8,Pave,Y,2,615,2009,WD,Normal,263000
53,4043,1977,1069,2,1,4,Pave,Y,2,440,2008,COD,Abnorml,140000
50,6000,1957,928,3,1,5,Pave,Y,1,288,2008,WD,Normal,112500
87,11146,2006,1709,3,1,7,Pave,Y,3,908,2009,WD,Normal,255500
67,8777,1949,0,2,1,5,Pave,Y,2,520,2009,WD,Normal,108000
85,10625,2003,998,3,1,8,Pave,Y,3,871,2008,WD,Normal,284000
58,6380,1922,993,2,1,5,Pave,Y,1,280,2006,WD,Normal,113000
69,14850,1957,1092,2,1,6,Pave,Y,1,299,2006,WD,Normal,141000
60,11040,1920,637,3,1,7,Pave,Y,1,570,2006,COD,Normal,108000
57,21872,1996,729,3,1,6,Pave,Y,2,406,2008,WD,Normal,175000
NA,3196,2003,1374,2,1,7,Pave,Y,2,420,2006,WD,Normal,234000
NA,11341,1957,1392,3,1,5,Pave,Y,2,528,2010,WD,Normal,121500
77,10010,1974,1389,2,1,6,Pave,Y,2,418,2006,WD,Normal,170000
63,13907,1940,996,3,1,6,Pave,Y,0,0,2008,WD,Normal,108000
66,21780,1918,1163,4,1,8,Pave,Y,2,396,2008,WD,Normal,185000
NA,13346,1992,1095,4,1,9,Pave,Y,2,590,2006,WD,Normal,268000
66,6858,1915,806,4,1,6,Pave,N,1,216,2010,WD,Normal,128000
77,11198,2005,1122,4,1,11,Pave,Y,3,656,2008,WD,Normal,325000
70,10171,2004,1517,3,1,7,Pave,Y,2,532,2010,WD,Normal,214000
79,12327,1983,1496,1,1,5,Pave,Y,2,612,2009,WD,Normal,316600
NA,7032,1979,943,2,1,4,Pave,Y,2,600,2006,WD,Normal,135960
74,13101,1965,1728,6,2,10,Pave,Y,2,576,2008,WD,Normal,142600
60,7332,1959,864,2,1,4,Pave,Y,1,288,2006,WD,Abnorml,120000
83,13159,2009,846,3,1,6,Pave,Y,2,650,2009,New,Partial,224500
76,9967,2000,384,3,1,8,Pave,Y,2,400,2007,WD,Normal,170000
70,10500,1971,372,3,1,5,Pave,Y,1,288,2007,WD,Normal,139000
80,8480,1947,832,2,1,6,Pave,Y,1,336,2008,COD,Abnorml,118500
52,6292,1928,861,3,1,6,Pave,Y,1,216,2009,WD,Normal,145000
96,11777,1966,1164,3,1,6,Pave,Y,2,564,2006,WD,Abnorml,164500
34,3604,2007,689,2,1,5,Pave,Y,2,540,2008,WD,Abnorml,146000
81,12150,1954,1050,4,1,7,Pave,N,1,352,2008,WD,Normal,131500
NA,14585,1960,1144,3,1,7,Pave,Y,2,572,2007,WD,Normal,181900
98,12704,2008,2042,3,1,8,Pave,Y,3,1390,2009,New,Partial,253293
81,11841,1990,816,3,1,5,Grvl,Y,0,0,2007,WD,Normal,118500
75,13500,1893,1237,3,1,9,Pave,Y,2,880,2008,WD,Normal,325000
51,6120,1935,884,3,1,6,Pave,Y,1,240,2009,WD,Normal,133000
88,11443,2005,1868,2,1,7,Pave,Y,3,880,2006,New,Partial,369900
55,10267,1918,816,2,1,5,Pave,Y,1,275,2008,WD,Normal,130000
74,8740,1982,840,2,1,4,Pave,Y,2,528,2009,WD,Normal,137000
65,25095,1968,1437,1,1,5,Pave,Y,1,452,2009,WD,Partial,143000
50,9100,1930,742,2,1,4,Pave,Y,1,308,2008,WD,Normal,79500
64,8320,2004,770,3,1,6,Pave,Y,2,520,2008,WD,Normal,185900
97,13478,2008,1722,3,1,10,Pave,Y,3,842,2009,ConLI,Normal,451950
60,6600,1982,816,2,1,4,Pave,Y,2,816,2008,WD,Normal,138000
NA,4435,2003,848,1,1,4,Pave,Y,2,420,2009,WD,Normal,140000
88,7990,1975,924,3,1,5,Pave,Y,1,280,2008,WD,Normal,110000
69,11302,2005,1814,3,1,7,Pave,Y,3,758,2006,New,Partial,319000
60,3600,1910,684,3,1,7,Pave,N,1,216,2006,WD,Normal,114504
53,3922,2006,1258,2,1,7,Pave,Y,3,648,2007,New,Partial,194201
80,12984,1977,1430,3,1,7,Pave,Y,2,621,2006,WD,Normal,217500
24,1950,1980,716,3,1,6,Pave,Y,2,452,2008,COD,Normal,151000
74,10927,2005,1058,3,1,8,Pave,Y,2,736,2006,WD,Normal,275000
50,9000,1937,780,3,1,6,Pave,Y,1,544,2007,WD,Normal,141000
80,10041,1992,908,3,1,8,Pave,Y,2,506,2006,WD,Abnorml,220000
30,3182,2004,600,2,1,4,Pave,Y,2,480,2010,WD,Normal,151000
88,12803,2002,1494,3,1,6,Pave,Y,2,530,2008,WD,Normal,221000
85,13600,1965,768,3,1,7,Pave,Y,2,486,2009,WD,Normal,205000
82,12464,1996,1040,3,1,6,Pave,Y,2,576,2009,WD,Normal,152000
78,7800,1948,896,3,1,8,Pave,Y,1,230,2006,WD,Normal,225000
78,12168,1934,965,4,1,10,Pave,Y,2,380,2007,WD,Alloca,359100
61,7943,1961,1029,3,1,5,Pave,Y,1,261,2007,WD,Normal,118500
NA,11050,2000,1440,3,1,8,Pave,Y,3,736,2009,WD,Normal,313000
NA,10395,1978,1032,3,1,6,Pave,Y,2,564,2007,WD,Normal,148000
NA,11885,2001,1299,3,1,7,Pave,Y,2,531,2009,WD,Normal,261500
70,8402,2007,1120,3,1,6,Pave,Y,0,0,2007,New,Partial,147000
21,1491,1972,630,1,1,3,Pave,Y,0,0,2010,WD,Normal,75500
80,8800,1963,936,3,1,6,Pave,Y,2,480,2010,WD,Abnorml,137500
NA,7861,2002,783,3,1,7,Pave,Y,2,393,2006,WD,Normal,183200
59,7227,1954,832,2,1,4,Pave,Y,2,528,2008,WD,Normal,105500
90,11694,2007,1822,3,1,9,Pave,Y,3,774,2007,New,Partial,314813
85,12244,2003,1482,4,1,10,Pave,Y,3,749,2008,WD,Normal,305000
45,8248,1914,864,2,1,5,Pave,N,0,0,2008,WD,Normal,67000
90,10800,1974,1522,4,1,9,Pave,Y,2,624,2008,WD,Normal,240000
71,7064,1977,980,3,1,6,Pave,Y,2,484,2009,WD,Normal,135000
NA,2117,2000,756,2,1,4,Pave,Y,2,440,2007,WD,Normal,168500
80,10400,1972,732,4,1,8,Pave,Y,2,484,2006,WD,Normal,165150
87,10000,1962,1116,3,1,5,Pave,Y,2,440,2010,WD,Normal,160000
NA,12342,1960,978,3,1,6,Pave,Y,1,286,2007,WD,Normal,139900
80,9600,1955,1156,3,1,7,Pave,Y,1,364,2010,WD,Normal,153000
70,11606,1969,1040,5,1,9,Pave,Y,2,504,2007,WD,Family,135000
82,9020,1964,1248,3,1,6,Pave,Y,2,520,2008,WD,Normal,168500
50,9000,1880,636,3,1,8,Pave,Y,1,240,2006,WD,Abnorml,124000
34,4590,2006,1554,2,1,6,Pave,Y,2,627,2007,WD,Normal,209500
85,11900,1977,1386,3,1,6,Pave,Y,2,544,2009,WD,Family,82500
80,9250,1954,1056,3,1,6,Pave,Y,1,260,2007,WD,Normal,139400
64,6979,1980,1056,0,2,4,Pave,Y,2,576,2010,WD,Normal,144000
60,10896,1914,1440,8,2,14,Pave,Y,0,0,2007,WD,Abnorml,200000
51,6120,1936,264,1,1,4,Pave,N,0,0,2009,ConLw,Normal,60000
50,6000,1954,811,3,2,7,Pave,Y,1,256,2009,WD,Normal,93000
67,8777,1910,796,2,1,4,Pave,Y,0,0,2008,WD,Normal,85000
53,3982,2006,1520,1,1,7,Pave,Y,3,648,2006,New,Partial,264561
62,12677,2003,1518,1,1,6,Pave,Y,2,588,2008,WD,Normal,274000
NA,7050,2001,1057,3,1,7,Pave,Y,2,650,2007,WD,Normal,226000
75,13860,1972,1952,4,1,9,Pave,Y,2,538,2009,WD,Normal,345000
80,10793,1969,780,4,1,7,Pave,Y,2,462,2007,WD,Normal,152000
85,9187,2009,1766,2,1,7,Pave,Y,3,478,2009,New,Partial,370878
NA,10530,1971,981,3,1,5,Pave,Y,2,576,2007,WD,Normal,143250
60,7200,1950,0,3,1,7,Pave,Y,2,420,2008,WD,Normal,98300
85,10452,1953,1094,3,1,5,Pave,Y,2,495,2008,WD,Normal,155000
70,7700,1966,756,4,1,7,Pave,Y,2,442,2010,WD,Normal,155000
21,1936,1970,630,1,1,3,Pave,Y,0,0,2007,WD,Normal,84500
65,8125,2007,813,3,1,7,Pave,Y,2,562,2008,WD,Normal,205950
60,9084,1940,755,4,1,7,Pave,Y,1,296,2009,WD,Normal,108000
70,8750,1996,880,2,1,7,Pave,Y,2,512,2009,WD,Normal,191000
60,10320,1906,756,3,1,7,Pave,Y,1,216,2008,WD,Normal,135000
91,10437,1995,2109,2,1,7,Pave,Y,3,839,2008,WD,Normal,350000
21,1680,1971,525,3,1,6,Pave,Y,1,264,2010,WD,Family,88000
72,10007,1959,1053,3,1,5,Pave,Y,1,312,2008,WD,Normal,145500
60,7200,1931,776,3,1,6,Pave,Y,1,270,2008,WD,Normal,149000
78,17503,1948,912,3,1,6,Pave,Y,1,330,2010,WD,Abnorml,97500
75,9937,1964,1486,3,1,7,Pave,Y,2,480,2009,WD,Normal,167000
NA,12384,1976,793,3,1,7,Pave,Y,2,550,2007,WD,Normal,197900
52,46589,1994,1629,4,1,8,Pave,Y,3,711,2009,WD,Normal,402000
120,13560,1968,1392,2,1,5,Pave,Y,2,576,2009,WD,Normal,110000
90,10012,1972,1138,3,1,6,Pave,Y,2,588,2008,WD,Normal,137500
49,20896,2005,2077,1,1,8,Pave,Y,3,1134,2006,New,Partial,423000
106,11194,2000,1406,3,1,7,Pave,Y,2,504,2006,WD,Normal,230500
NA,18450,1965,1021,3,1,7,Pave,Y,2,596,2007,WD,Abnorml,129000
65,8125,1994,1408,3,1,7,Pave,Y,2,575,2008,WD,Normal,193500
NA,14175,1956,1188,3,1,6,Pave,Y,2,576,2006,WD,Normal,168000
80,11600,1922,700,2,1,5,Pave,Y,1,252,2006,WD,Normal,137500
64,8633,2005,738,3,1,7,Pave,Y,2,540,2009,WD,Normal,173500
54,6629,1925,672,3,1,6,Pave,N,1,300,2009,WD,Normal,103600
NA,11250,1977,1208,3,1,6,Pave,Y,2,546,2006,WD,Normal,165000
110,14442,1957,1477,3,1,7,Pave,Y,2,416,2007,WD,Normal,257500
80,9200,1965,1136,3,1,5,Pave,Y,1,384,2008,WD,Normal,140000
24,2289,1978,855,3,1,7,Pave,Y,2,440,2009,WD,Normal,148500
60,9600,1900,1095,4,2,8,Pave,N,3,779,2006,WD,Normal,87000
52,9022,1924,768,2,1,5,Pave,Y,1,240,2009,WD,Normal,109500
80,11844,2008,2046,3,1,7,Pave,Y,3,834,2009,New,Partial,372500
NA,9945,1961,988,3,1,5,Pave,Y,2,572,2007,WD,Normal,128500
50,8012,1980,923,2,1,5,Pave,Y,1,264,2010,WD,Normal,143000
55,4500,1932,793,3,1,6,Pave,Y,1,281,2009,WD,Abnorml,159434
NA,2887,1996,1291,2,1,6,Pave,Y,2,431,2008,WD,Normal,173000
90,11248,2002,1626,3,1,7,Pave,Y,3,702,2007,WD,Normal,285000
58,16770,1998,1195,4,1,7,Pave,Y,2,486,2010,WD,Normal,221000
NA,5062,1984,1190,3,1,6,Pave,Y,2,577,2007,WD,Normal,207500
84,10207,2007,874,3,1,7,Pave,Y,2,578,2007,New,Partial,227875
NA,5105,2004,551,2,1,4,Pave,Y,2,480,2007,WD,Normal,148800
60,8089,2007,1419,2,1,7,Pave,Y,2,567,2007,New,Partial,392000
61,7577,2005,1362,2,1,6,Pave,Y,2,460,2007,WD,Normal,194700
NA,4426,2004,848,1,1,3,Pave,Y,2,420,2008,WD,Normal,141000
104,21535,1994,2444,4,1,10,Pave,Y,3,832,2007,WD,Normal,755000
42,26178,1989,1210,4,1,9,Pave,Y,2,628,2006,WD,Normal,335000
60,5400,1921,1073,2,1,4,Pave,Y,1,326,2006,WD,Abnorml,108480
51,6120,1936,927,3,1,5,Pave,Y,2,576,2009,WD,Normal,141500
54,13811,1987,1112,2,1,5,Pave,Y,2,551,2006,WD,Normal,176000
50,6000,1921,616,2,1,4,Pave,Y,1,205,2006,WD,Normal,89000
57,6420,1952,980,2,1,6,Pave,Y,1,308,2006,WD,Normal,123500
65,8450,1965,894,3,1,5,Pave,Y,1,336,2010,WD,Normal,138500
59,4282,2004,1391,2,1,5,Pave,Y,2,530,2008,WD,Normal,196000
85,14331,2002,1800,3,1,7,Pave,Y,3,765,2006,WD,Normal,312500
80,9600,1969,1164,3,1,6,Pave,Y,2,528,2006,COD,Normal,140000
82,12438,2006,1234,4,1,10,Pave,Y,3,666,2006,New,Partial,361919
76,7630,1900,360,4,2,8,Pave,Y,2,672,2010,WD,Normal,140000
70,8400,2004,1473,3,1,7,Pave,Y,2,606,2010,WD,Normal,213000
70,5600,1930,0,3,2,7,Pave,N,0,0,2010,WD,Normal,55000
NA,115149,1971,1643,2,1,5,Pave,Y,2,739,2007,WD,Normal,302000
48,6240,2006,1324,2,1,6,Pave,Y,2,550,2009,WD,Normal,254000
65,9018,2007,728,3,1,8,Pave,Y,2,400,2007,New,Partial,179540
NA,7162,1966,876,3,1,6,Pave,Y,1,408,2008,WD,Abnorml,109900
56,4130,1935,270,2,1,5,Pave,Y,0,0,2008,WD,Normal,52000
66,8712,1900,859,2,1,7,Pave,Y,1,384,2010,WD,Abnorml,102776
40,4671,1988,1228,2,1,5,Pave,Y,2,472,2008,WD,Normal,189000
60,9873,1970,960,3,1,6,Pave,N,2,576,2006,WD,Normal,129000
NA,13517,1976,725,3,1,6,Pave,Y,2,475,2010,WD,Normal,130500
78,10140,1974,1064,3,1,7,Pave,Y,2,478,2009,WD,Normal,165000
60,10800,1890,718,3,1,8,Pave,Y,2,704,2007,WD,Normal,159500
80,10000,1973,1176,3,1,5,Pave,Y,2,439,2008,WD,Normal,157000
96,10542,1993,1311,3,1,9,Pave,Y,3,983,2008,WD,Normal,341000
69,9920,1969,971,3,1,5,Pave,Y,1,300,2006,WD,Normal,128500
NA,6563,1985,1742,2,1,5,Pave,Y,2,564,2006,WD,Normal,275000
NA,4426,2004,848,1,1,3,Pave,Y,2,420,2010,WD,Normal,143000
70,8120,1970,864,3,1,5,Pave,Y,2,463,2009,WD,Normal,124500
60,8172,1954,941,4,1,7,Pave,Y,1,548,2008,WD,Normal,135000
86,13286,2007,1698,3,1,8,Pave,Y,3,768,2009,WD,Normal,320000
60,6960,1970,864,3,1,5,Pave,Y,2,660,2009,WD,Normal,120500
NA,21695,1988,880,3,1,5,Pave,Y,2,540,2009,WD,Normal,222000
64,7314,2007,1232,2,1,6,Pave,Y,2,632,2009,WD,Normal,194500
85,11475,1958,1584,4,2,9,Pave,Y,3,888,2009,COD,Abnorml,110000
52,6240,1925,780,2,1,5,Pave,Y,2,539,2009,WD,Normal,103000
39,5389,1995,1595,2,1,5,Pave,Y,2,608,2010,WD,Normal,236500
73,9590,2003,868,3,1,6,Pave,Y,2,438,2007,WD,Normal,187500
75,11404,1998,1153,3,1,8,Pave,Y,2,541,2008,WD,Normal,222500
80,10000,1961,864,3,1,6,Pave,Y,1,264,2009,WD,Normal,131400
NA,8978,1968,948,3,1,6,Pave,Y,1,300,2007,WD,Family,108000
60,10800,1914,880,2,1,6,Pave,N,2,320,2006,WD,Normal,163000
60,8544,1950,0,2,2,6,Pave,N,2,400,2006,WD,Normal,93500
72,10463,2005,893,3,1,8,Pave,Y,3,800,2006,WD,Normal,239900
60,10800,1987,1200,3,1,5,Pave,Y,0,0,2009,WD,Alloca,179000
65,9313,2004,864,3,1,7,Pave,Y,2,572,2009,WD,Normal,190000
60,9600,1910,264,2,1,7,Pave,Y,2,360,2007,WD,Abnorml,132000
65,6768,1961,912,3,1,5,Pave,Y,1,288,2008,WD,Normal,142000
65,8450,2000,1349,3,1,6,Pave,Y,2,539,2007,WD,Normal,179000
70,12886,1963,520,3,1,6,Pave,Y,2,480,2009,WD,Normal,175000
41,5395,1993,1337,2,1,5,Pave,Y,2,462,2008,WD,Normal,180000
NA,8963,1976,1142,4,1,11,Pave,Y,2,831,2008,WD,Normal,299800
NA,8795,2000,952,4,1,8,Pave,Y,2,554,2009,WD,Normal,236000
65,11700,1880,1240,4,1,8,Pave,N,4,864,2009,WD,Normal,265979
59,10593,1996,1720,3,1,7,Pave,Y,2,527,2010,WD,Normal,260400
50,8405,1945,0,4,1,9,Pave,N,1,240,2009,WD,Normal,98000
55,8800,1910,576,3,1,7,Pave,Y,0,0,2010,WD,Normal,96500
NA,7750,2003,660,3,1,6,Pave,Y,2,400,2007,WD,Normal,162000
79,9236,1997,1479,3,1,6,Pave,Y,2,576,2006,WD,Normal,217000
80,10240,2005,1030,3,1,8,Pave,Y,3,878,2006,WD,Normal,275500
61,7930,1969,1026,3,1,5,Pave,Y,2,440,2009,WD,Normal,156000
34,3230,1999,729,3,1,6,Pave,Y,2,440,2009,WD,Normal,172500
68,10769,2007,866,3,1,7,Pave,Y,2,578,2009,WD,Normal,212000
NA,11616,1978,672,3,1,6,Pave,Y,2,440,2010,WD,Abnorml,158900
24,2280,1999,744,3,1,6,Pave,Y,2,440,2008,WD,Normal,179400
65,12257,1995,1318,4,1,9,Pave,Y,3,752,2007,WD,Normal,290000
70,9100,1959,864,2,1,5,Pave,Y,1,300,2009,WD,Normal,127500
60,6911,1924,1145,2,1,5,Pave,Y,2,440,2009,WD,Normal,100000
72,8640,2009,756,3,1,7,Pave,Y,2,614,2010,Con,Normal,215200
82,9430,1999,1252,3,1,8,Pave,Y,3,856,2009,WD,Normal,337000
30,9549,1995,1494,2,1,6,Pave,Y,2,481,2006,WD,Normal,270000
75,14587,2008,1498,2,1,6,Pave,Y,2,592,2008,New,Partial,264132
80,10421,1988,980,3,1,7,Pave,Y,2,496,2010,WD,Normal,196500
75,12508,1940,983,4,1,7,Pave,Y,1,423,2008,WD,Normal,160000
70,9100,2004,1860,3,1,8,Pave,Y,2,484,2006,WD,Normal,216837
47,53504,2003,1650,4,1,12,Pave,Y,3,841,2010,WD,Normal,538000
NA,7252,1982,858,2,1,5,Pave,Y,2,576,2009,WD,Normal,134900
67,8877,1951,836,2,1,6,Pave,Y,2,396,2006,COD,Normal,102000
94,7819,1976,1029,3,1,6,Pave,Y,2,672,2010,WD,Abnorml,107000
70,10150,1958,912,2,1,5,Pave,Y,1,275,2007,COD,Normal,114500
110,14226,2006,1935,3,1,9,Pave,Y,3,895,2007,New,Partial,395000
32,4500,1998,1204,2,1,5,Pave,Y,2,412,2009,WD,Normal,162000
86,11210,2005,1614,3,1,7,Pave,Y,3,865,2006,New,Partial,221500
100,13350,1974,864,3,1,5,Pave,Y,2,440,2006,WD,Normal,142500
60,8400,1977,0,4,2,10,Pave,Y,2,630,2007,WD,Normal,144000
78,10530,1977,975,2,1,4,Pave,Y,2,504,2006,WD,Normal,135000
63,7875,1995,1237,3,1,6,Pave,Y,2,402,2007,WD,Normal,176000
65,7153,1992,761,3,1,7,Pave,Y,2,484,2006,WD,Normal,175900
67,16285,2001,1413,3,1,6,Pave,Y,2,605,2009,WD,Normal,187100
NA,9101,1978,1097,1,1,4,Pave,Y,2,602,2009,WD,Normal,165500
35,6300,1914,742,3,1,9,Pave,Y,0,0,2008,WD,Normal,128000
NA,9790,1967,1372,3,1,7,Pave,Y,2,457,2009,WD,Normal,161500
60,10800,1915,686,4,1,7,Pave,Y,1,416,2010,WD,Normal,139000
76,10142,2004,956,4,1,8,Pave,Y,2,618,2010,WD,Normal,233000
50,6000,1954,901,2,1,4,Pave,Y,1,281,2008,WD,Normal,107900
NA,12205,1966,832,5,1,9,Pave,Y,2,444,2007,WD,Normal,187500
43,3182,2005,1145,2,1,5,Pave,Y,2,397,2009,WD,Normal,160200
NA,11333,1976,1029,3,1,5,Pave,Y,2,539,2007,WD,Normal,146800
92,9920,1996,1117,3,1,8,Pave,Y,2,455,2007,WD,Normal,269790
76,9158,2007,1496,3,1,7,Pave,Y,2,474,2007,New,Partial,225000
NA,10832,1994,712,3,1,7,Pave,Y,2,409,2008,WD,Normal,194500
70,8400,1980,650,3,1,7,Pave,Y,2,476,2010,WD,Normal,171000
71,8197,1977,660,3,1,7,Pave,Y,2,528,2007,WD,Normal,143500
57,7677,1953,773,2,1,4,Pave,Y,1,240,2008,WD,Abnorml,110000
104,13518,2008,1926,4,1,11,Pave,Y,3,820,2009,New,Partial,485000
60,7200,1937,731,3,1,7,Pave,Y,1,240,2007,WD,Normal,175000
79,12798,1997,616,4,1,8,Pave,Y,2,603,2008,WD,Normal,200000
40,4800,1916,1196,2,1,5,Pave,Y,2,440,2007,WD,Normal,109900
63,8199,2005,728,3,1,7,Pave,Y,2,410,2008,WD,Normal,189000
107,13891,2008,1734,4,1,12,Pave,Y,3,1020,2009,New,Partial,582933
75,9000,1954,936,2,1,5,Pave,Y,1,286,2006,WD,Family,118000
91,12274,2008,1417,3,1,6,Pave,Y,2,554,2008,New,Partial,227680
75,9750,1967,980,3,1,6,Pave,Y,1,384,2006,WD,Normal,135500
144,21384,1923,1324,3,1,6,Pave,Y,2,528,2009,WD,Normal,223500
85,13400,1966,1024,3,1,6,Pave,Y,2,484,2006,WD,Normal,159950
90,8100,1898,849,2,3,11,Pave,N,2,360,2009,WD,Normal,106000
78,10140,1974,1040,3,1,5,Pave,Y,2,484,2006,WD,Normal,181000
NA,4438,2004,848,1,1,4,Pave,Y,2,420,2008,ConLD,Normal,144500
66,8712,1952,540,2,1,4,Grvl,N,2,504,2010,WD,Alloca,55993
75,9750,1958,1442,4,1,7,Pave,Y,1,301,2007,COD,Normal,157900
45,8248,1918,686,3,1,7,Pave,Y,1,280,2006,WD,Normal,116000
48,12137,1998,1649,3,1,6,Pave,Y,2,598,2010,WD,Normal,224900
NA,11425,1954,1008,2,1,4,Pave,Y,1,275,2006,WD,Normal,137000
NA,13265,2002,1568,3,1,7,Pave,Y,3,857,2008,WD,Normal,271000
80,8816,1971,1010,3,1,6,Pave,Y,2,440,2010,WD,Normal,155000
44,6371,2009,1358,2,1,6,Pave,Y,2,484,2010,New,Partial,224000
72,7226,2003,798,3,1,6,Pave,Y,2,595,2008,WD,Normal,183000
60,6000,1953,936,2,1,4,Pave,N,2,576,2009,WD,Normal,93000
NA,12394,2003,847,3,1,7,Pave,Y,2,433,2007,WD,Family,225000
60,9900,1940,778,3,1,7,Pave,Y,1,240,2009,WD,Normal,139500
81,11216,2006,1489,3,1,7,Pave,Y,2,776,2006,New,Partial,232600
114,14803,2007,2078,2,1,7,Pave,Y,3,1220,2008,New,Partial,385000
50,6130,1924,784,2,1,5,Pave,Y,0,0,2008,WD,Normal,109500
65,8529,2001,1454,3,1,6,Pave,Y,2,527,2009,WD,Normal,189000
NA,28698,1967,1013,3,1,7,Pave,Y,2,538,2009,WD,Abnorml,185000
24,2544,2005,600,2,1,4,Pave,Y,2,480,2006,WD,Normal,147400
80,11900,1957,1392,3,1,6,Pave,Y,2,458,2008,WD,Normal,166000
30,3180,2005,600,2,1,4,Pave,Y,2,480,2006,WD,Normal,151000
44,9548,2003,941,3,1,7,Pave,Y,2,613,2010,WD,Normal,237000
100,10004,1964,1516,3,1,6,Pave,Y,2,472,2009,WD,Normal,167000
75,7875,1961,1144,3,1,6,Pave,Y,2,456,2008,WD,Normal,139950
60,9600,1950,1067,2,1,4,Pave,Y,2,436,2010,WD,Normal,128000
90,8100,1948,1559,2,1,5,Pave,Y,2,812,2007,COD,Normal,153500
21,1680,1973,483,2,1,5,Pave,Y,1,264,2008,WD,Normal,100000
75,9525,1995,1099,3,1,6,Pave,Y,1,352,2008,WD,Normal,144000
70,11767,1946,768,3,1,6,Pave,Y,1,240,2008,WD,Normal,130500
NA,12155,1925,672,4,1,7,Pave,N,1,400,2008,WD,Normal,140000
60,10440,1904,650,3,1,8,Pave,Y,2,686,2008,WD,Normal,157500
82,9020,1966,1127,3,1,6,Pave,Y,2,490,2008,WD,Normal,174900
80,8000,1961,1800,6,2,10,Pave,N,0,0,2007,WD,Normal,141000
100,12665,1915,876,4,1,7,Pave,Y,3,720,2008,WD,Normal,153900
NA,16647,1975,1390,3,1,6,Pave,Y,2,611,2007,WD,Normal,171000
75,9317,1993,740,3,1,7,Pave,Y,2,425,2009,WD,Normal,213000
36,15523,1972,864,3,1,5,Pave,Y,1,338,2009,WD,Normal,133500
75,45600,1908,907,5,1,10,Pave,Y,2,360,2008,WD,Normal,240000
80,9600,1976,528,3,1,7,Pave,Y,2,512,2007,WD,Normal,187000
36,4435,2003,848,1,1,3,Pave,Y,2,420,2007,WD,Normal,131500
NA,3196,2003,1273,2,1,7,Pave,Y,2,400,2006,WD,Normal,215000
53,7128,1941,918,4,1,7,Pave,Y,1,240,2007,WD,Normal,164000
NA,12095,1964,1127,3,1,7,Pave,Y,2,645,2009,WD,Normal,158000
102,17920,1955,1763,3,1,6,Pave,Y,2,454,2006,WD,Abnorml,170000
NA,6897,1962,1040,3,1,6,Pave,Y,1,260,2010,WD,Normal,127000
NA,10970,1978,940,3,1,5,Pave,Y,2,576,2008,WD,Normal,147000
65,8125,1994,702,3,1,6,Pave,Y,2,343,2009,WD,Normal,174000
80,10400,1976,1090,3,1,6,Pave,Y,2,479,2009,WD,Family,152000
NA,11029,1968,1054,4,1,9,Pave,Y,2,619,2006,WD,Normal,250000
55,7642,1918,912,3,1,7,Pave,Y,1,216,2007,WD,Normal,189950
75,11625,1965,1039,3,1,6,Pave,Y,2,504,2010,WD,Normal,131500
81,9672,1984,1040,3,1,6,Pave,Y,2,480,2010,WD,Normal,152000
70,7931,1959,1148,3,1,6,Pave,Y,1,672,2009,WD,Normal,132500
72,8640,2007,1372,3,1,6,Pave,Y,2,529,2008,New,Partial,250580
NA,8750,1970,1002,3,1,5,Pave,Y,2,902,2009,WD,Normal,148500
67,10656,2006,1638,3,1,6,Pave,Y,3,870,2007,New,Partial,248900
85,6970,1961,1040,3,1,5,Pave,Y,2,544,2007,WD,Normal,129000
NA,14762,1948,0,2,1,7,Pave,Y,2,672,2006,WD,Normal,169000
80,9938,1993,1050,3,1,8,Pave,Y,2,574,2010,WD,Normal,236000
60,6600,1962,894,2,1,5,Pave,N,1,308,2009,WD,Normal,109500
70,8750,1998,804,3,1,7,Pave,Y,2,523,2010,WD,Normal,200500
74,8892,1953,105,3,1,5,Pave,Y,2,414,2008,WD,Normal,116000
60,12144,1949,832,3,1,6,Pave,Y,1,288,2009,WD,Normal,133000
52,5720,1941,676,3,1,5,Pave,Y,1,200,2009,WD,Abnorml,66500
75,9000,2007,1184,4,1,11,Pave,Y,2,550,2007,New,Partial,303477
94,25286,1963,1064,3,1,5,Pave,Y,2,648,2007,WD,Normal,132250
74,8834,2004,1462,4,1,10,Pave,Y,3,738,2009,WD,Normal,350000
88,11782,1961,1109,3,1,6,Pave,Y,2,576,2010,WD,Normal,148000
NA,7000,1978,864,3,1,6,Pave,Y,1,336,2009,WD,Normal,136500
60,7024,2005,1090,2,1,5,Pave,Y,2,450,2007,WD,Normal,157000
44,13758,1990,1156,3,1,7,Pave,Y,2,400,2007,WD,Normal,187500
NA,9636,1992,808,3,1,7,Pave,Y,2,389,2009,WD,Normal,178000
60,6204,1912,795,5,1,10,Pave,N,1,440,2006,WD,Normal,118500
65,7150,1967,892,3,1,5,Pave,Y,1,288,2009,WD,Normal,100000
50,5119,1999,1698,2,1,5,Pave,Y,2,506,2008,CWD,Abnorml,328900
70,8393,1959,1626,4,2,8,Pave,Y,2,588,2006,WD,Family,145000
59,16466,1955,816,3,1,8,Pave,Y,1,300,2008,WD,Normal,135500
95,15865,1970,2217,4,1,8,Pave,Y,2,621,2007,WD,Normal,268000
128,12160,1953,1505,2,1,6,Pave,Y,2,505,2009,WD,Normal,149500
60,8064,1949,672,3,1,6,Pave,Y,2,576,2007,WD,Normal,122900
70,11184,1978,918,3,1,7,Pave,Y,2,440,2009,WD,Normal,172500
70,8414,1963,1059,3,1,6,Pave,Y,1,264,2006,WD,Normal,154500
NA,13284,1954,1383,3,1,6,Pave,Y,1,354,2008,WD,Normal,165000
64,7018,1979,0,4,2,8,Pave,Y,2,400,2009,WD,Alloca,118858
71,7056,1963,780,4,1,8,Pave,Y,2,483,2008,WD,Normal,140000
50,8765,1936,951,2,1,6,Pave,N,1,327,2006,WD,Abnorml,106500
64,7018,1979,0,6,2,12,Pave,Y,2,528,2009,WD,Alloca,142953
100,12919,2009,2330,2,1,11,Pave,Y,3,820,2010,New,Partial,611657
65,6993,1961,912,3,1,6,Pave,Y,1,288,2006,WD,Normal,135000
NA,7340,1971,858,2,1,4,Pave,Y,1,684,2007,WD,Normal,110000
64,8712,1957,992,2,1,5,Pave,Y,1,756,2009,WD,Normal,153000
63,7875,2003,783,3,1,8,Pave,Y,2,393,2006,WD,Normal,180000
50,14859,2006,1670,3,1,7,Pave,Y,3,690,2006,New,Partial,240000
NA,6173,1967,876,3,1,6,Pave,Y,1,288,2007,WD,Normal,125500
80,9920,1954,1056,3,1,6,Pave,Y,1,280,2010,WD,Normal,128000
116,13501,2006,1623,3,1,8,Pave,Y,3,865,2007,WD,Normal,255000
86,11500,1936,1017,3,1,6,Pave,Y,1,180,2006,WD,Normal,250000
NA,8885,1983,864,2,1,5,Pave,Y,2,484,2006,WD,Normal,131000
149,12589,2005,742,3,1,8,Pave,Y,2,390,2009,WD,Normal,174000
80,11600,1960,1105,5,2,12,Pave,Y,2,480,2010,WD,Normal,154300
NA,9286,1977,1268,3,1,5,Pave,Y,1,252,2009,WD,Normal,143500
51,6120,1925,768,3,1,6,Pave,N,1,450,2006,WD,Abnorml,88000
82,6270,1949,1001,4,2,8,Pave,N,3,871,2007,WD,Normal,145000
30,3000,2009,612,2,1,4,Pave,Y,2,528,2009,New,Partial,173733
21,2001,1970,546,3,1,6,Pave,Y,1,286,2007,WD,Normal,75000
50,9000,1949,480,1,1,4,Pave,N,1,308,2006,WD,Abnorml,35311
NA,17140,1956,1134,3,1,6,Pave,Y,1,284,2009,WD,Normal,135000
103,13125,1991,1104,4,1,8,Pave,Y,3,833,2007,WD,Normal,238000
87,11029,1958,1184,3,1,6,Pave,Y,2,601,2008,WD,Normal,176500
70,8462,1994,928,3,1,7,Pave,Y,2,471,2007,WD,Normal,201000
67,8777,1900,1272,4,2,9,Pave,Y,0,0,2008,WD,Normal,145900
65,10237,2005,1316,3,1,6,Pave,Y,2,397,2006,New,Partial,169990
50,8012,1993,1604,2,1,5,Pave,Y,2,533,2008,WD,Normal,193000
79,10240,1980,1686,3,1,7,Pave,Y,2,612,2006,WD,Normal,207500
NA,15611,1977,1126,3,1,6,Pave,Y,2,540,2008,WD,Abnorml,175000
93,11999,2003,1181,4,1,10,Pave,Y,3,656,2007,WD,Normal,285000
NA,9900,1968,832,4,1,9,Pave,Y,2,486,2008,WD,Normal,176000
NA,11838,2001,1753,3,1,7,Pave,Y,2,522,2009,WD,Normal,236500
NA,13006,1997,964,4,1,8,Pave,Y,2,642,2006,WD,Normal,222000
73,8925,2007,1466,3,1,7,Pave,Y,3,610,2009,WD,Normal,201000
70,9100,1965,925,2,1,5,Pave,Y,1,429,2009,WD,Normal,117500
84,11670,2006,1905,3,1,8,Pave,Y,3,788,2007,WD,Normal,320000
63,8487,2004,1500,3,1,6,Pave,Y,2,570,2009,WD,Normal,190000
313,27650,1960,585,4,1,9,Pave,Y,2,505,2008,WD,Normal,242000
52,5825,1926,600,1,1,5,Pave,Y,2,528,2006,WD,Normal,79900
67,10083,2003,1176,2,1,5,Pave,Y,2,555,2009,WD,Normal,184900
75,9675,2005,1113,3,1,8,Pave,Y,2,689,2009,WD,Normal,253000
73,8760,2006,1391,3,1,7,Pave,Y,3,868,2006,New,Partial,239799
NA,24090,1940,1032,4,1,10,Pave,Y,1,349,2010,COD,Normal,244400
55,12640,1976,1728,4,2,8,Pave,Y,2,574,2006,WD,Normal,150900
NA,8755,1999,992,3,1,8,Pave,Y,2,390,2009,WD,Normal,214000
42,7711,1977,1440,4,2,8,Pave,Y,0,0,2007,Oth,Abnorml,150000
100,25000,1967,1632,4,2,8,Pave,Y,2,576,2007,WD,Normal,143000
NA,14375,1958,819,3,1,7,Pave,Y,2,525,2009,COD,Abnorml,137500
98,8820,1890,1088,2,1,7,Pave,Y,2,456,2009,WD,Normal,124900
70,8163,1959,1144,3,1,6,Pave,Y,1,796,2006,WD,Normal,143000
85,14536,2002,1616,3,1,9,Pave,Y,3,808,2007,WD,Normal,270000
65,14006,2002,936,3,1,7,Pave,Y,2,474,2006,WD,Normal,192500
78,9360,1972,1161,3,1,5,Pave,Y,2,676,2010,WD,Normal,197500
60,7200,1950,864,3,1,5,Pave,Y,2,720,2007,WD,Normal,129000
60,7800,1965,828,3,1,6,Pave,Y,1,300,2006,WD,Abnorml,119900
60,7200,1972,768,2,1,5,Pave,Y,1,396,2009,WD,Normal,133900
NA,11075,1969,784,4,1,7,Pave,Y,2,530,2008,WD,Normal,172000
35,9400,1975,945,4,0,4,Pave,Y,0,0,2006,WD,AdjLand,127500
82,7136,1946,979,4,2,8,Pave,N,2,492,2007,WD,Normal,145000
24,1300,1980,561,2,1,5,Pave,Y,2,462,2009,WD,Normal,124000
70,7420,1962,1057,3,1,6,Pave,Y,2,576,2007,WD,Normal,132000
65,8450,2003,1337,3,1,6,Pave,Y,2,531,2007,WD,Normal,185000
24,2572,1999,696,3,1,6,Pave,Y,2,484,2010,WD,Normal,155000
50,7207,1958,858,2,1,4,Pave,Y,0,0,2010,WD,Normal,116500
NA,12227,1977,1330,4,1,11,Pave,Y,2,619,2008,WD,Normal,272000
24,2308,1976,804,3,1,7,Pave,Y,2,440,2007,WD,Normal,155000
122,11923,2007,1800,2,1,7,Pave,Y,2,702,2009,WD,Normal,239000
80,11316,2002,817,4,1,8,Pave,Y,2,510,2010,WD,Normal,214900
65,10237,2005,783,3,1,8,Pave,Y,2,393,2007,New,Partial,178900
130,9600,1940,728,2,1,7,Pave,Y,1,256,2009,WD,Normal,160000
NA,7390,1955,1098,3,1,6,Pave,Y,1,260,2008,WD,Normal,135000
50,5925,1910,600,2,1,6,Pave,N,0,0,2009,WD,Abnorml,37900
75,10382,1958,588,2,1,6,Pave,Y,1,264,2006,ConLD,Normal,140000
60,10800,1949,720,4,1,6,Pave,N,0,0,2006,WD,Abnorml,135000
36,2268,2003,764,2,1,6,Pave,Y,2,474,2009,WD,Normal,173000
55,7892,1979,918,2,1,5,Pave,Y,1,264,2010,WD,Normal,99500
95,11639,2007,1428,3,1,6,Pave,Y,2,480,2008,New,Partial,182000
60,11414,1910,728,3,1,8,Pave,N,2,532,2009,WD,Normal,167500
NA,2651,2000,673,3,1,6,Pave,Y,2,490,2006,WD,Normal,165000
51,5900,1923,440,2,1,4,Pave,Y,0,0,2006,WD,Normal,85500
35,4274,2006,1241,1,1,4,Pave,Y,2,569,2007,New,Partial,199900
68,9450,1954,894,3,1,5,Pave,Y,2,400,2007,WD,Abnorml,110000
80,8816,1963,1121,3,1,5,Pave,Y,2,480,2009,WD,Normal,139000
NA,12122,1961,944,3,1,6,Pave,Y,2,588,2008,WD,Normal,178400
98,12203,1998,1225,4,1,8,Pave,Y,3,676,2009,WD,Normal,336000
43,3182,2007,1266,2,1,6,Pave,Y,2,388,2008,WD,Normal,159895
NA,11250,2002,1128,4,1,9,Pave,Y,2,779,2008,WD,Normal,255900
75,10125,1977,0,4,2,8,Pave,Y,2,539,2009,COD,Normal,126000
68,10880,1950,1164,3,1,5,Pave,N,1,240,2008,ConLD,Normal,125000
59,5310,1910,485,2,1,5,Pave,Y,1,255,2006,WD,Normal,117000
83,10159,2009,1930,3,1,8,Pave,Y,3,606,2010,New,Partial,395192
NA,12046,1976,848,4,1,8,Pave,Y,2,551,2007,WD,Normal,195000
65,8125,2006,770,3,1,6,Pave,Y,2,614,2006,New,Partial,197000
82,9452,1997,1396,3,1,7,Pave,Y,3,870,2006,WD,Normal,348000
121,17671,1882,916,4,1,8,Pave,Y,2,424,2009,WD,Normal,168000
80,9760,1964,822,3,1,7,Pave,Y,2,440,2007,WD,Normal,187000
68,8846,2005,750,3,1,6,Pave,Y,2,564,2006,New,Partial,173900
96,12456,2006,1700,3,1,7,Pave,Y,3,786,2009,WD,Normal,337500
51,4712,1946,747,3,1,5,Pave,Y,1,305,2006,WD,Abnorml,121600
NA,10659,1961,1050,3,1,6,Pave,Y,1,368,2006,COD,Normal,136500
NA,11717,1970,1442,2,1,6,Pave,Y,2,615,2009,WD,Normal,185000
60,9786,1922,1007,3,1,6,Pave,N,1,210,2006,WD,Normal,91000
64,6762,2006,1187,2,1,6,Pave,Y,2,632,2010,WD,Normal,206000
74,10206,1952,0,2,1,4,Pave,N,2,528,2009,WD,Normal,82000
60,5400,1920,691,2,1,4,Pave,Y,1,216,2007,WD,Abnorml,86000
75,11957,2006,1574,3,1,7,Pave,Y,3,824,2008,WD,Normal,232000
NA,11500,1976,1680,4,2,8,Pave,Y,2,528,2007,WD,Normal,136905
43,3182,2005,1346,1,1,7,Pave,Y,2,457,2009,WD,Normal,181000
65,8385,1977,985,3,1,6,Pave,Y,1,328,2008,WD,Normal,149900
NA,12155,1970,1657,3,1,7,Pave,Y,2,484,2007,WD,Normal,163500
21,2217,1970,546,3,1,6,Pave,Y,1,286,2009,WD,Normal,88000
43,12118,2004,1710,3,1,7,Pave,Y,2,550,2009,WD,Normal,240000
60,6000,1926,1008,4,1,7,Pave,Y,0,0,2006,WD,Normal,102000
115,21286,1948,720,4,1,7,Pave,Y,1,312,2008,WD,Normal,135000
75,9825,1965,0,4,2,8,Pave,N,0,0,2010,WD,Normal,100000
55,10592,1923,602,3,1,7,Pave,Y,1,180,2007,WD,Normal,165000
60,7200,1910,1022,2,1,4,Pave,N,1,280,2009,WD,Normal,85000
60,11664,1948,1082,2,1,5,Pave,Y,1,240,2007,WD,Normal,119200
70,8400,2001,810,3,1,6,Pave,Y,2,528,2009,WD,Normal,227000
73,11883,1996,1504,3,1,6,Pave,Y,2,478,2009,WD,Normal,203000
NA,5814,1984,1220,1,1,4,Pave,Y,2,565,2009,COD,Abnorml,187500
NA,10784,1991,384,3,1,7,Pave,Y,2,402,2007,WD,Normal,160000
43,3013,2005,1362,2,1,6,Pave,Y,2,440,2006,WD,Normal,213490
60,7024,2005,1132,2,1,5,Pave,Y,2,451,2008,WD,Normal,176000
64,7406,2006,1199,2,1,6,Pave,Y,2,632,2006,New,Partial,194000
52,9439,1930,912,2,1,6,Pave,Y,1,160,2007,WD,Normal,87000
43,3182,2005,1346,2,1,7,Pave,Y,2,437,2008,WD,Normal,191000
NA,15498,1976,1565,2,1,10,Pave,Y,2,665,2008,COD,Abnorml,287000
70,7700,1972,882,3,1,5,Pave,Y,2,461,2007,WD,Normal,112500
73,9300,1960,1268,3,1,6,Pave,Y,2,461,2010,WD,Normal,167500
71,9520,2007,1638,3,1,7,Pave,Y,3,800,2008,New,Partial,293077
79,9492,1941,768,3,1,6,Pave,Y,1,240,2007,WD,Normal,105000
21,1680,1972,672,3,1,7,Pave,Y,1,264,2006,WD,Normal,118000
NA,7082,1916,686,5,2,10,Pave,Y,0,0,2006,WD,Normal,160000
102,15863,1920,824,5,1,12,Pave,Y,2,672,2009,WD,Normal,197000
NA,14541,1993,1338,5,1,10,Pave,Y,3,796,2006,WD,Abnorml,310000
NA,8125,2002,1654,3,1,6,Pave,Y,3,900,2006,WD,Normal,230000
50,6305,1938,920,2,1,5,Pave,Y,1,240,2007,WD,Normal,119750
NA,11500,1957,0,3,1,5,Pave,N,1,290,2009,WD,Normal,84000
89,12898,2007,1620,2,1,6,Pave,Y,3,912,2009,WD,Normal,315500
NA,9240,2001,1055,3,1,7,Pave,Y,2,905,2008,WD,Normal,287000
21,1533,1970,546,3,1,6,Pave,Y,0,0,2009,WD,Normal,97000
21,1477,1970,630,1,1,3,Pave,Y,1,286,2009,WD,Normal,80000
88,13125,1957,1134,3,1,8,Pave,Y,2,484,2006,WD,Normal,155000
NA,9130,1966,800,4,1,7,Pave,Y,2,484,2008,WD,Normal,173000
34,5381,2005,1306,1,1,5,Pave,Y,2,624,2009,WD,Normal,196000
86,11839,1990,1475,4,1,10,Pave,Y,2,514,2008,WD,Normal,262280
80,9600,1981,2524,4,1,9,Pave,Y,2,542,2009,WD,Normal,278000
NA,13680,1955,0,4,1,8,Pave,Y,2,452,2009,WD,Normal,139600
85,16056,2005,1992,4,1,11,Pave,Y,3,716,2006,New,Partial,556581
57,9245,1994,990,3,1,5,Pave,Y,2,672,2008,WD,Normal,145000
100,21750,1960,0,3,1,9,Pave,Y,2,336,2009,WD,Normal,115000
60,11100,1946,0,2,1,6,Pave,Y,1,308,2010,WD,Abnorml,84900
73,8993,2007,1302,3,1,6,Pave,Y,2,436,2007,New,Partial,176485
103,11175,2007,1316,3,1,6,Pave,Y,2,440,2007,New,Partial,200141
100,9500,1964,816,4,1,9,Pave,Y,2,540,2007,WD,Normal,165000
68,8562,1957,1216,4,1,7,Pave,Y,1,364,2010,WD,Normal,144500
90,11367,2002,1065,3,1,7,Pave,Y,2,586,2006,WD,Normal,255000
104,11361,1976,1193,3,1,7,Pave,Y,2,478,2008,COD,Abnorml,180000
43,7052,2005,1364,2,1,6,Pave,Y,2,484,2006,WD,Normal,185850
NA,29959,1994,973,3,1,7,Pave,Y,2,467,2009,WD,Normal,248000
96,11308,2008,1104,3,1,10,Pave,Y,3,836,2009,WD,Normal,335000
NA,11275,1932,854,3,1,7,Pave,Y,2,432,2007,WD,Normal,220000
41,4920,2001,1338,2,1,6,Pave,Y,2,582,2010,WD,Normal,213500
120,18000,1935,894,2,1,6,Grvl,Y,3,1248,2008,ConLD,Normal,81000
85,13600,1900,662,5,2,10,Pave,N,2,560,2007,WD,Normal,90000
50,6000,1925,1103,2,1,5,Pave,Y,2,440,2006,WD,Normal,110500
NA,11000,1966,1154,3,1,6,Pave,Y,2,480,2009,WD,Normal,154000
80,14000,1996,1306,3,1,7,Pave,Y,2,533,2010,WD,Normal,328000
59,7837,1993,799,3,1,7,Pave,Y,2,380,2009,WD,Normal,178000
80,9760,1964,780,4,1,7,Pave,Y,2,442,2008,WD,Normal,167900
42,3964,1973,942,5,1,10,Pave,Y,2,576,2006,WD,Normal,151400
60,9600,1949,845,2,1,4,Pave,Y,2,576,2007,WD,Normal,135000
72,10152,1956,1048,3,1,6,Pave,Y,1,286,2007,WD,Normal,135000
78,11700,1968,727,4,1,8,Pave,Y,2,441,2009,WD,Normal,154000
50,7585,1948,810,4,1,7,Pave,Y,1,280,2006,WD,Normal,91500
75,7950,1977,690,3,1,6,Pave,Y,2,440,2009,WD,Normal,159500
74,8556,2006,1240,2,1,5,Pave,Y,3,826,2007,WD,Normal,194000
75,13125,1940,800,3,1,6,Pave,Y,1,240,2007,CWD,Normal,219500
60,10800,1936,796,3,1,7,Pave,Y,2,566,2006,WD,Normal,170000
NA,15870,1969,1096,3,1,6,Pave,Y,1,299,2006,WD,Abnorml,138800
37,4435,2004,848,1,1,3,Pave,Y,2,420,2006,WD,Normal,155900
65,8775,1994,990,3,1,5,Pave,Y,1,299,2007,WD,Normal,126000
80,11040,1971,1258,3,1,5,Pave,Y,2,528,2008,COD,Abnorml,145000
75,7500,1963,1040,3,1,5,Pave,Y,1,308,2010,WD,Normal,133000
70,8749,2002,1459,3,1,6,Pave,Y,2,527,2007,WD,Normal,192000
80,8800,1964,1251,3,1,6,Pave,Y,1,461,2006,WD,Normal,160000
NA,13031,1995,691,3,1,6,Pave,Y,2,409,2006,WD,Normal,187500
73,9069,1992,936,2,1,5,Pave,Y,2,564,2010,WD,Normal,147000
NA,1974,1973,546,3,1,6,Pave,Y,1,286,2010,WD,Normal,83500
85,10574,2005,1082,3,1,9,Pave,Y,3,1043,2009,WD,Normal,252000
24,2522,2004,970,3,1,7,Pave,Y,2,380,2006,WD,Normal,137500
37,3316,2005,1247,1,1,4,Pave,Y,2,550,2006,WD,Normal,197000
60,8544,1950,0,2,2,6,Pave,N,2,400,2009,WD,Normal,92900
24,2160,1999,600,2,1,4,Pave,Y,2,462,2008,WD,Normal,160000
60,8400,1925,1181,4,1,7,Pave,Y,2,576,2008,WD,Normal,136500
71,9230,1965,864,1,1,6,Pave,Y,2,884,2006,WD,Normal,146000
74,5868,1956,936,2,1,4,Pave,Y,1,308,2010,WD,Normal,129000
78,9317,2006,1314,3,1,6,Pave,Y,2,440,2007,WD,Normal,176432
60,6882,1914,684,3,1,7,Pave,Y,0,0,2007,WD,Normal,127000
NA,3696,1986,1074,2,1,5,Pave,Y,2,461,2007,WD,Normal,170000
50,6000,1936,672,3,1,6,Pave,Y,1,240,2009,WD,Normal,128000
82,11880,1978,1271,3,1,7,Pave,Y,2,478,2009,COD,Abnorml,157000
60,8400,1920,290,1,1,3,Pave,N,1,246,2009,WD,Normal,60000
61,9758,1971,950,3,1,5,Pave,Y,1,280,2007,WD,Normal,119500
70,7000,1960,1010,2,1,6,Pave,Y,1,254,2007,WD,Family,135000
79,8910,1959,655,3,1,6,Pave,Y,2,539,2006,WD,Normal,159500
24,2016,1970,630,3,1,6,Pave,Y,2,440,2007,WD,Normal,106000
98,12256,1994,1463,3,1,9,Pave,Y,2,712,2010,WD,Normal,325000
114,10357,1990,910,3,1,6,Pave,Y,2,719,2007,WD,Normal,179900
168,23257,2006,868,3,1,9,Pave,Y,2,422,2006,New,Partial,274725
NA,8063,2000,924,3,1,7,Pave,Y,2,463,2007,WD,Abnorml,181000
107,11362,2004,1836,3,1,7,Pave,Y,3,862,2009,WD,Normal,280000
NA,8000,1995,773,3,1,8,Pave,Y,2,431,2008,WD,Normal,188000
80,10480,1976,803,4,1,8,Pave,Y,2,483,2008,WD,Normal,205000
73,7100,1957,816,2,1,5,Pave,Y,1,308,2006,WD,Normal,129900
66,8923,1953,1008,2,1,6,Pave,Y,1,240,2007,WD,Normal,134500
90,5400,1954,833,2,1,4,Pave,Y,1,326,2006,WD,Normal,117000
93,12085,2007,1734,3,1,7,Pave,Y,3,928,2007,New,Partial,318000
NA,7750,2002,408,3,1,7,Pave,Y,2,527,2009,WD,Normal,184100
57,9764,1967,894,3,1,5,Pave,Y,2,450,2008,WD,Normal,130000
85,13825,1958,533,3,1,6,Pave,Y,1,300,2008,WD,Normal,140000
70,7560,1959,1040,3,1,6,Pave,Y,1,286,2006,WD,Normal,133700
59,8263,1920,1012,2,1,6,Pave,Y,1,308,2007,WD,Normal,118400
84,10084,2005,1552,3,1,7,Pave,Y,3,782,2006,New,Partial,212900
NA,8926,1956,672,3,1,5,Pave,Y,1,288,2009,COD,Abnorml,112000
50,9405,1947,698,2,1,4,Pave,Y,0,0,2009,WD,Normal,118000
NA,9125,1992,384,3,1,7,Pave,Y,2,392,2007,WD,Normal,163900
60,10434,1955,1005,2,1,5,Pave,Y,2,672,2009,WD,Normal,115000
53,3684,2007,1373,2,1,7,Pave,Y,3,660,2009,WD,Normal,174000
182,14572,2004,1530,3,1,7,Pave,Y,3,630,2007,WD,Family,259000
59,11796,2004,847,4,1,8,Pave,Y,2,434,2007,WD,Normal,215000
60,7200,1980,936,2,1,4,Pave,Y,2,672,2007,WD,Normal,140000
65,7804,1928,1122,4,1,7,Pave,Y,2,576,2009,WD,Normal,135000
63,10712,1991,974,3,1,5,Pave,Y,0,0,2007,Oth,Abnorml,93500
90,9900,1880,1008,5,1,8,Pave,Y,1,205,2007,WD,Normal,117500
80,9828,1995,1128,3,1,8,Pave,Y,2,466,2009,WD,Normal,239500
57,8773,1997,916,3,1,7,Pave,Y,2,460,2007,WD,Normal,169000
60,6180,1926,960,2,1,5,Pave,N,1,180,2007,WD,Normal,102000
80,9600,1950,1032,3,1,6,Pave,Y,1,288,2008,WD,Abnorml,119000
54,6342,1875,780,2,1,6,Pave,N,0,0,2010,WD,Normal,94000
NA,9819,1977,1567,2,1,5,Pave,Y,2,714,2009,WD,Normal,196000
98,8731,1920,915,3,1,6,Pave,Y,2,495,2007,WD,Normal,144000
60,7350,1951,952,2,1,4,Pave,Y,2,840,2008,COD,Abnorml,139000
NA,10304,1976,780,4,1,9,Pave,Y,2,484,2009,WD,Normal,197500
77,9965,2006,1466,4,1,11,Pave,Y,3,1052,2007,New,Partial,424870
NA,9000,1959,1006,3,1,5,Pave,Y,0,0,2008,WD,Normal,80000
60,12180,1941,672,2,1,5,Pave,N,1,280,2010,WD,Normal,80000
52,6240,1928,1042,3,1,8,Pave,Y,1,225,2006,WD,Family,149000
NA,11200,1985,1298,3,1,5,Pave,Y,2,403,2006,WD,Normal,180000
75,12000,1941,704,3,1,7,Pave,Y,1,234,2009,WD,Normal,174500
NA,5700,1926,572,2,1,5,Pave,Y,1,288,2008,WD,Normal,116900
50,9000,1920,650,3,1,7,Pave,Y,2,324,2009,WD,Normal,143000
57,8280,1950,932,2,1,4,Pave,Y,1,306,2007,WD,Normal,124000
134,17755,1959,1466,3,1,6,Pave,Y,2,528,2006,WD,Normal,149900
90,14115,1956,1073,2,1,6,Pave,Y,2,470,2006,WD,Abnorml,230000
NA,5890,1930,816,2,1,5,Pave,Y,1,432,2008,WD,Normal,120500
NA,13700,1965,864,4,1,8,Pave,Y,2,492,2008,WD,Normal,201800
90,10768,1976,1437,3,1,6,Pave,Y,2,528,2007,WD,Normal,218000
85,9350,1965,1219,3,1,6,Pave,Y,2,502,2008,WD,Normal,179900
34,5001,2007,1314,2,1,6,Pave,Y,2,626,2009,WD,Normal,230000
92,11932,2007,1580,3,1,7,Pave,Y,3,830,2008,ConLD,Partial,235128
76,9120,1974,901,4,1,8,Pave,Y,2,540,2008,WD,Normal,185000
24,2280,1978,855,3,1,7,Pave,Y,2,440,2010,WD,Normal,146000
NA,14778,1954,1296,3,1,7,Pave,Y,2,924,2008,WD,Normal,224000
109,8724,1968,894,3,1,5,Pave,Y,2,450,2007,WD,Normal,129000
60,12900,1969,1198,0,2,6,Pave,Y,2,400,2008,WD,Alloca,108959
NA,16157,1978,1360,2,1,5,Pave,Y,2,588,2007,WD,Normal,194000
79,9541,2009,1502,3,1,7,Pave,Y,2,644,2009,New,Partial,233170
64,10475,2008,1694,3,1,7,Pave,Y,3,776,2010,WD,Normal,245350
58,10852,2000,959,3,1,7,Pave,Y,2,472,2006,WD,Normal,173000
120,13728,1935,1127,4,1,7,Pave,Y,2,540,2008,WD,Normal,235000
118,35760,1995,1930,4,1,10,Pave,Y,3,807,2006,WD,Normal,625000
76,9880,1977,1096,3,1,6,Pave,Y,1,358,2008,WD,Normal,171000
76,9120,1958,1261,3,1,6,Pave,Y,2,433,2008,WD,Normal,163000
35,4017,2006,625,2,1,5,Pave,Y,2,625,2008,WD,Normal,171900
138,18030,1946,1598,3,1,12,Pave,Y,0,0,2007,WD,Normal,200500
80,16560,1932,952,4,1,9,Pave,Y,2,360,2006,WD,Normal,239000
85,10678,1992,1683,4,1,9,Pave,Y,2,541,2007,WD,Normal,285000
37,6951,1984,876,3,1,5,Pave,Y,1,264,2008,WD,Normal,119500
NA,3950,1926,818,3,1,5,Pave,Y,1,210,2009,WD,Normal,115000
54,7681,1921,731,3,1,7,Pave,Y,1,186,2009,WD,Normal,154900
77,8335,1954,0,3,1,5,Pave,Y,0,0,2006,WD,Normal,93000
NA,11170,1990,1216,4,1,8,Pave,Y,2,693,2006,WD,Normal,250000
64,5587,2008,1600,2,1,5,Pave,Y,2,482,2008,New,Partial,392500
160,15623,1996,2396,4,1,10,Pave,Y,3,813,2007,WD,Abnorml,745000
60,10800,1920,1120,2,1,5,Pave,Y,2,720,2006,WD,Normal,120000
50,35133,1963,1572,3,1,5,Grvl,Y,3,995,2007,WD,Normal,186700
60,9738,1924,784,4,1,7,Pave,Y,1,392,2006,WD,Normal,104900
107,10615,1900,978,3,2,7,Pave,Y,2,420,2009,WD,Abnorml,95000
89,12461,1994,1624,2,1,5,Pave,Y,3,757,2006,WD,Normal,262000
68,8935,2002,831,3,1,7,Pave,Y,2,493,2009,WD,Normal,195000
60,7500,1999,994,3,1,7,Pave,Y,2,442,2010,WD,Normal,189000
NA,32463,1961,1249,3,1,7,Pave,Y,4,1356,2007,WD,Normal,168000
24,2645,1999,776,2,1,5,Pave,Y,2,492,2007,WD,Normal,174000
60,9600,1925,702,3,1,6,Pave,Y,1,250,2007,WD,Normal,125000
NA,4500,1999,1224,2,1,5,Pave,Y,2,402,2009,WD,Normal,165000
80,9364,1969,663,4,1,7,Pave,Y,1,299,2010,WD,Normal,158000
51,8029,2005,728,3,1,8,Pave,Y,2,400,2008,WD,Normal,176000
58,14054,2006,879,4,1,9,Pave,Y,3,660,2006,New,Partial,219210
65,8850,1916,815,3,1,7,Pave,Y,1,225,2006,ConLw,Normal,144000
70,9100,2001,1212,3,1,6,Pave,Y,2,573,2009,WD,Normal,178000
75,11235,1963,1051,3,1,6,Pave,Y,2,459,2006,WD,Normal,148000
71,9353,1970,864,3,1,5,Pave,Y,1,280,2006,Oth,Abnorml,116050
80,10400,1998,866,3,1,6,Pave,Y,2,546,2009,WD,Normal,197900
50,6000,1925,884,3,1,5,Pave,Y,1,216,2009,WD,Normal,117000
75,9750,2000,1630,3,1,6,Pave,Y,2,451,2009,WD,Normal,213000
78,10140,1975,1056,3,1,6,Pave,Y,2,495,2006,WD,Normal,153500
90,14684,1990,2158,3,1,7,Pave,Y,3,701,2009,WD,Normal,271900
NA,8900,1966,1056,2,1,5,Pave,Y,1,384,2006,WD,Normal,107000
70,9135,2003,1682,3,1,7,Pave,Y,2,544,2006,WD,Normal,200000
70,7763,1962,931,3,1,6,Pave,Y,2,506,2008,WD,Normal,140000
85,10182,2006,1660,3,1,8,Pave,Y,2,500,2006,New,Partial,290000
70,11218,1992,1055,3,1,8,Pave,Y,2,462,2010,WD,Normal,189000
152,12134,1988,559,4,1,8,Pave,Y,2,492,2010,WD,Normal,164000
50,9340,1941,672,2,1,4,Pave,Y,1,234,2009,WD,Normal,113000
NA,10246,1965,648,0,1,3,Pave,Y,1,364,2006,WD,Normal,145000
69,10205,1962,925,3,1,6,Pave,Y,1,300,2006,WD,Normal,134500
99,7094,1966,894,3,1,5,Pave,Y,1,384,2007,WD,Normal,125000
68,8930,1978,0,4,2,8,Pave,Y,2,539,2010,WD,Normal,112000
72,8640,2009,1300,3,1,6,Pave,Y,2,552,2009,New,Partial,229456
52,6240,1947,0,2,1,3,Pave,N,0,0,2006,WD,Normal,80500
21,1680,1971,672,3,1,7,Pave,Y,0,0,2006,WD,Abnorml,91500
66,7800,1964,912,2,1,5,Pave,Y,1,288,2006,WD,Abnorml,115000
55,8250,1968,952,3,1,5,Pave,Y,1,322,2008,WD,Normal,134000
78,10496,1949,1040,3,1,7,Pave,Y,1,315,2007,WD,Normal,143000
89,10680,1951,2136,4,1,7,Pave,N,2,528,2006,WD,Normal,137900
60,15384,2004,788,3,1,8,Pave,Y,2,388,2008,WD,Normal,184000
65,10482,1958,588,3,1,6,Pave,Y,1,264,2007,WD,Normal,145000
86,14598,2007,894,4,1,9,Pave,Y,3,668,2008,WD,Normal,214000
72,8872,1965,912,2,1,5,Pave,Y,2,576,2008,WD,Normal,147000
65,8769,2008,1702,1,1,7,Pave,Y,3,1052,2008,New,Partial,367294
70,7910,1960,1075,4,1,7,Pave,Y,1,404,2008,WD,Normal,127000
NA,18890,1977,1361,4,2,12,Pave,Y,2,600,2007,WD,Normal,190000
70,7728,1962,1106,3,1,6,Pave,Y,2,540,2006,WD,Normal,132500
70,9842,1962,0,2,2,6,Pave,Y,2,462,2007,WD,Normal,101800
NA,12160,1959,1188,3,1,6,Pave,Y,2,531,2010,COD,Abnorml,142000
55,8525,1911,940,4,1,7,Pave,N,0,0,2008,WD,Abnorml,130000
96,13132,1914,747,4,1,9,Pave,Y,1,180,2006,WD,Normal,138887
36,2628,2003,764,2,1,6,Pave,Y,2,474,2010,WD,Normal,175500
41,12393,2004,847,4,1,8,Pave,Y,2,434,2006,WD,Normal,195000
63,13072,2005,1141,3,1,6,Pave,Y,2,484,2006,WD,Abnorml,142500
64,9037,2006,1476,2,1,6,Pave,Y,2,472,2007,WD,Normal,265900
65,8158,2003,884,3,1,8,Pave,Y,2,543,2008,WD,Normal,224900
83,9849,2007,1689,3,1,7,Pave,Y,3,954,2007,New,Partial,248328
85,10625,1974,1053,3,1,6,Pave,Y,2,528,2010,WD,Family,170000
107,13891,2006,2076,2,1,7,Pave,Y,3,850,2006,New,Partial,465000
NA,11435,1929,792,3,1,7,Pave,Y,2,400,2006,WD,Normal,230000
78,12090,1984,585,3,1,7,Pave,Y,2,477,2007,WD,Abnorml,178000
65,8125,2005,756,3,1,6,Pave,Y,2,615,2006,New,Partial,186500
NA,12328,1976,1012,3,1,6,Pave,Y,3,888,2010,WD,Normal,169900
60,9600,1917,735,3,1,8,Pave,N,2,396,2008,WD,Normal,129500
60,7200,1950,876,3,1,6,Pave,Y,1,276,2007,WD,Normal,119000
93,11160,1968,2110,3,1,8,Pave,Y,2,522,2010,WD,Normal,244000
NA,3136,2003,1405,2,1,6,Pave,Y,2,478,2006,WD,Normal,171750
62,9858,1968,864,3,1,5,Pave,Y,1,288,2009,WD,Normal,130000
NA,17542,1974,1192,3,1,9,Pave,Y,2,518,2007,WD,Normal,294000
60,6931,2003,746,3,1,7,Pave,Y,2,397,2008,WD,Normal,165400
52,6240,1931,884,3,1,6,Pave,Y,1,560,2007,WD,Normal,127500
91,14303,1994,1986,2,1,7,Pave,Y,2,691,2008,WD,Normal,301500
56,4060,1922,864,2,1,4,Pave,Y,0,0,2009,WD,Normal,99900
59,9587,2005,856,2,1,5,Pave,Y,2,400,2008,WD,Normal,190000
65,9750,1969,1054,3,1,6,Pave,Y,2,460,2008,WD,Normal,151000
NA,24682,1999,841,3,1,7,Pave,Y,2,502,2009,WD,Normal,181000
80,9600,1956,1050,2,1,5,Pave,Y,1,338,2009,WD,Normal,128900
NA,11250,1957,1104,5,1,8,Pave,Y,1,304,2009,WD,Normal,161500
60,13515,1919,764,3,1,8,Pave,Y,2,520,2007,WD,Normal,180500
34,4060,1998,1405,2,1,5,Pave,Y,2,511,2008,COD,Abnorml,181000
35,3735,1999,691,3,1,6,Pave,Y,2,506,2006,WD,Normal,183900
60,10120,1910,925,4,2,9,Pave,N,1,308,2007,WD,Normal,122000
89,13214,2008,2002,3,1,10,Pave,Y,3,746,2010,WD,Normal,378500
NA,14100,1935,728,4,1,11,Pave,Y,3,1014,2008,WD,Normal,381000
78,11344,1958,874,3,1,7,Pave,Y,1,315,2007,WD,Normal,144000
NA,23595,1979,1332,0,1,4,Pave,Y,2,586,2010,WD,Normal,260000
NA,9156,1968,1489,3,1,7,Pave,Y,2,462,2009,WD,Normal,185750
NA,13526,1965,935,3,1,5,Pave,Y,1,288,2006,WD,Normal,137000
124,11512,1959,1019,2,1,5,Pave,Y,1,312,2008,WD,Normal,177000
53,5362,1910,661,3,1,8,Pave,Y,2,552,2007,WD,Normal,139000
95,11345,1948,928,4,2,10,Pave,Y,2,400,2007,WD,Normal,137000
NA,12936,1972,723,3,1,6,Pave,Y,2,497,2009,WD,Normal,162000
NA,17871,1967,1680,3,1,7,Pave,Y,2,480,2009,WD,Normal,197900
75,9473,2002,1128,3,1,7,Pave,Y,2,577,2008,WD,Normal,237000
60,7500,1920,698,2,1,6,Pave,Y,2,528,2010,COD,Abnorml,68400
67,9808,2002,1573,3,1,6,Pave,Y,2,544,2009,WD,Normal,227000
50,8049,1990,1309,2,1,6,Pave,Y,2,484,2006,WD,Normal,180000
61,8800,1977,1040,3,1,5,Pave,Y,2,484,2009,WD,Normal,150500
94,9400,1971,912,4,2,8,Pave,Y,0,0,2010,WD,Normal,139000
50,9638,1919,804,4,1,10,Pave,Y,1,336,2010,WD,Normal,169000
50,6000,1939,780,4,1,6,Pave,Y,1,280,2009,WD,Normal,132500
NA,9790,1963,1328,3,1,6,Pave,Y,2,528,2010,WD,Normal,143000
NA,36500,1964,1624,4,1,7,Pave,Y,2,390,2006,WD,Normal,190000
40,5664,2000,1501,2,1,5,Pave,Y,2,499,2009,WD,Normal,278000
86,11065,2006,1085,3,1,8,Pave,Y,3,753,2006,New,Partial,281000
NA,14112,1964,1152,3,1,6,Pave,Y,2,484,2010,WD,Normal,180500
21,1680,1972,630,3,1,6,Pave,Y,1,264,2009,WD,Normal,119500
60,6600,1892,994,4,2,11,Pave,N,1,432,2009,WD,Normal,107500
78,10140,1976,832,4,1,8,Pave,Y,2,528,2006,WD,Normal,162900
60,8172,1955,864,2,1,5,Pave,Y,2,572,2006,WD,Normal,115000
70,8400,1968,1052,3,1,5,Pave,Y,1,288,2006,WD,Normal,138500
80,8700,1963,1120,3,1,6,Pave,Y,2,525,2008,WD,Normal,155000
35,3675,2005,547,2,1,5,Pave,Y,2,525,2006,New,Partial,140000
313,63887,2008,6110,3,1,12,Pave,Y,2,1418,2008,New,Partial,160000
75,7500,1959,1246,3,1,6,Pave,Y,1,305,2010,WD,Normal,154000
NA,10762,1999,978,3,1,9,Pave,Y,2,490,2009,WD,Normal,225000
NA,7500,1942,771,3,1,7,Pave,Y,1,213,2009,WD,Normal,177500
92,10120,1994,1165,4,1,8,Pave,Y,3,844,2006,WD,Normal,290000
73,8688,2005,1616,3,1,7,Pave,Y,3,834,2006,WD,Normal,232000
32,3363,2004,976,3,1,7,Pave,Y,2,380,2006,WD,Normal,130000
108,13173,2006,1652,2,1,6,Pave,Y,2,840,2009,WD,Normal,325000
48,6955,2005,1368,2,1,6,Pave,Y,2,474,2006,New,Partial,202500
60,8072,1994,990,3,1,5,Pave,Y,2,480,2009,WD,Normal,138000
100,12000,1948,924,2,1,6,Pave,Y,2,528,2008,WD,Normal,147000
NA,7153,1991,1278,3,1,6,Pave,Y,2,496,2008,WD,Normal,179200
100,17500,1959,1902,3,1,7,Pave,Y,2,567,2010,WD,Normal,335000
68,8814,2005,1274,3,1,6,Pave,Y,2,508,2007,New,Partial,203000
NA,9572,1990,1453,4,1,9,Pave,Y,2,750,2007,WD,Normal,302000
108,14774,1999,1393,4,1,10,Pave,Y,3,779,2010,WD,Normal,333168
60,8190,1954,948,3,1,5,Pave,Y,1,280,2007,WD,Normal,119000
85,11075,1969,952,4,1,9,Pave,Y,2,576,2008,WD,Normal,206900
61,10226,2008,1622,3,1,8,Pave,Y,3,860,2009,WD,Normal,295493
47,4230,2006,1352,2,1,5,Pave,Y,2,466,2007,New,Partial,208900
NA,14781,2001,1753,3,1,7,Pave,Y,3,748,2006,WD,Normal,275000
75,10215,1954,864,3,1,5,Pave,Y,1,248,2007,WD,Normal,111000
70,8400,1957,1478,3,1,6,Pave,Y,2,442,2009,WD,Normal,156500
NA,6627,1949,0,2,1,4,Pave,N,1,287,2008,WD,Normal,72500
107,10186,1992,750,3,1,8,Pave,Y,2,564,2010,WD,Normal,190000
50,5330,1940,420,2,1,5,Pave,Y,0,0,2009,WD,Normal,82500
75,9986,2006,1795,2,1,7,Pave,Y,3,895,2007,New,Partial,147000
40,3636,1922,796,2,1,5,Pave,N,0,0,2008,WD,Normal,55000
70,4270,1931,544,3,1,6,Pave,Y,0,0,2007,WD,Normal,79000
60,6600,1982,816,3,1,5,Pave,Y,1,264,2008,WD,Normal,130500
60,10440,1920,1510,5,1,8,Pave,Y,2,520,2008,WD,Normal,256000
63,9084,1998,935,3,1,8,Pave,Y,2,462,2006,WD,Normal,176500
85,10000,2006,1588,3,1,7,Pave,Y,3,825,2007,WD,Normal,227000
55,10780,1976,911,3,1,6,Pave,Y,2,576,2006,WD,Normal,132500
67,8877,1938,816,2,1,3,Pave,Y,1,288,2009,WD,Normal,100000
60,7200,1938,803,2,1,6,Pave,Y,1,297,2006,WD,Normal,125500
24,2368,1970,765,3,1,7,Pave,Y,2,440,2009,WD,Normal,125000
80,9650,1977,1350,2,1,6,Pave,Y,2,630,2009,WD,Normal,167900
87,9246,1973,1656,4,2,8,Pave,Y,2,506,2008,WD,Normal,135000
153,4118,1941,693,2,1,4,Pave,N,0,0,2006,WD,Normal,52500
95,13450,2002,916,3,1,8,Pave,Y,2,492,2006,WD,Normal,200000
120,9560,1972,864,3,1,5,Pave,Y,1,288,2006,WD,Normal,128500
70,8294,1971,858,3,1,5,Pave,Y,4,480,2007,WD,Normal,123000
66,13695,2003,1114,3,1,6,Pave,Y,2,576,2008,WD,Normal,155000
NA,9375,2002,1284,3,1,7,Pave,Y,2,647,2007,WD,Normal,228500
57,7558,1928,896,3,1,9,Pave,Y,2,342,2009,WD,Normal,177000
85,11103,2006,728,3,1,8,Pave,Y,2,440,2007,New,Partial,155835
50,6000,1920,960,2,1,5,Pave,Y,1,308,2007,WD,Normal,108500
NA,20781,1968,1568,3,1,9,Pave,Y,2,508,2006,WD,Normal,262500
93,15306,2006,1732,3,1,7,Pave,Y,3,712,2007,New,Partial,283463
NA,16196,1998,1482,3,1,5,Pave,Y,2,514,2007,WD,Normal,215000
50,5250,1872,684,4,1,8,Pave,N,0,0,2008,WD,Normal,122000
91,11643,1969,1248,6,2,12,Pave,Y,4,968,2009,WD,Normal,200000
70,9247,1962,858,4,1,8,Pave,Y,2,490,2008,WD,Normal,171000
50,6000,1937,698,2,1,4,Pave,Y,2,624,2009,WD,Normal,134900
56,14720,1995,2033,4,1,9,Pave,Y,3,666,2010,WD,Normal,410000
NA,10316,2000,992,3,1,7,Pave,Y,3,839,2008,WD,Normal,235000
102,10192,1968,570,4,1,8,Pave,Y,2,487,2006,WD,Normal,170000
NA,9477,1966,864,3,1,5,Pave,Y,1,264,2008,WD,Normal,110000
NA,12537,1971,1078,3,1,6,Pave,Y,2,500,2010,WD,Normal,149900
NA,2117,2000,756,3,1,5,Pave,Y,2,440,2010,WD,Normal,177500
129,16737,2004,1980,3,1,8,Pave,Y,3,770,2006,WD,Normal,315000
51,9842,1921,612,4,1,8,Pave,Y,2,621,2008,WD,Normal,189000
124,16158,2005,1530,3,1,7,Pave,Y,2,430,2009,WD,Normal,260000
NA,12513,1920,715,4,1,7,Pave,Y,1,368,2009,WD,Normal,104900
73,8499,2006,616,3,1,6,Pave,Y,2,432,2007,New,Partial,156932
30,3180,2005,600,2,1,4,Pave,Y,2,480,2006,WD,Abnorml,144152
NA,7500,2000,814,3,1,7,Pave,Y,2,663,2010,WD,Normal,216000
68,9179,1999,873,3,1,7,Pave,Y,2,588,2008,WD,Abnorml,193000
41,2665,1977,757,4,1,6,Pave,Y,1,336,2006,WD,Normal,127000
NA,4435,2003,848,1,1,4,Pave,Y,2,420,2009,WD,Normal,144000
48,10635,2003,1657,3,1,8,Pave,Y,2,502,2010,WD,Normal,232000
90,5400,1920,840,2,1,6,Pave,Y,1,338,2009,WD,Normal,105000
80,9600,1955,992,3,1,8,Pave,Y,1,377,2008,WD,Normal,165500
75,9750,1998,1108,3,1,8,Pave,Y,2,583,2006,WD,Normal,274300
NA,11400,2001,2633,2,1,8,Pave,Y,3,804,2007,WD,Normal,466500
85,10625,2005,1026,3,1,9,Pave,Y,3,936,2008,WD,Normal,250000
89,10991,2007,1571,3,1,7,Pave,Y,3,722,2007,New,Partial,239000
52,6292,1930,768,2,1,4,Pave,N,1,160,2008,WD,Normal,91000
60,10998,1941,984,3,1,6,Pave,Y,2,660,2009,WD,Normal,117000
21,1953,1973,483,2,1,5,Pave,Y,1,264,2006,WD,Normal,83000
73,9735,2006,384,3,1,7,Pave,Y,2,400,2008,WD,Normal,167500
45,8212,1914,864,2,1,5,Pave,N,1,200,2010,WD,Normal,58500
NA,12925,1970,1205,4,1,7,Pave,Y,2,550,2008,WD,Normal,237500
60,7200,1920,596,4,1,8,Pave,Y,2,576,2006,WD,Normal,157000
NA,25339,1918,816,3,1,7,Pave,Y,2,576,2007,WD,Normal,112000
60,9060,1939,560,2,1,6,Pave,Y,1,280,2009,WD,Normal,105000
40,5436,1922,796,3,1,7,Pave,Y,1,240,2010,WD,Normal,125500
80,16692,1978,1392,5,1,12,Pave,Y,2,564,2006,WD,Normal,250000
60,8520,1916,714,5,1,10,Pave,N,1,216,2007,CWD,Family,136000
42,14892,2006,1746,3,1,7,Pave,Y,3,758,2009,WD,Normal,377500
60,6000,1941,735,3,1,6,Pave,Y,2,440,2007,WD,Normal,131000
70,9100,2000,1525,3,1,6,Pave,Y,2,541,2006,WD,Normal,235000
65,8944,1967,1584,4,2,8,Pave,Y,3,792,2009,WD,Normal,124000
68,7838,1967,864,3,1,6,Pave,Y,1,288,2006,WD,Normal,123000
60,10800,1905,482,3,2,7,Pave,N,2,672,2008,WD,Normal,163000
53,4045,2006,1356,2,1,6,Pave,Y,3,648,2006,New,Partial,246578
88,12665,2005,1094,4,1,9,Pave,Y,3,642,2007,WD,Normal,281213
NA,57200,1948,747,3,1,7,Pave,Y,2,572,2010,WD,Normal,160000
51,6120,1920,939,4,1,8,Pave,Y,1,180,2007,WD,Normal,137500
60,7200,1950,1208,3,1,7,Pave,Y,1,240,2009,WD,Normal,138000
51,6171,1925,976,3,1,7,Pave,Y,1,216,2009,WD,Normal,137450
50,6000,1929,862,3,1,5,Pave,Y,1,208,2008,WD,Normal,120000
62,7415,2004,839,3,1,8,Pave,Y,2,398,2008,WD,Normal,193000
64,6762,2006,1286,2,1,6,Pave,Y,2,662,2006,New,Partial,193879
49,15256,2007,1485,3,1,6,Pave,Y,3,754,2007,WD,Normal,282922
60,10410,1915,672,3,1,6,Pave,Y,3,936,2006,WD,Family,105000
44,3842,2004,1594,2,1,5,Pave,Y,2,482,2008,WD,Normal,275000
70,8445,1972,768,2,1,5,Pave,Y,2,396,2009,WD,Normal,133000
NA,8780,1985,833,3,1,5,Pave,Y,0,0,2009,WD,Normal,112000
60,7740,1910,622,3,1,6,Pave,Y,2,528,2010,WD,Normal,125500
46,20544,1986,791,3,1,7,Pave,Y,2,542,2008,WD,Normal,215000
79,12420,2001,944,3,1,6,Pave,Y,2,622,2009,WD,Normal,230000
80,9600,1950,856,3,1,6,Pave,Y,1,271,2009,WD,Normal,140000
60,7200,1949,0,2,2,6,Pave,N,2,420,2009,WD,Normal,90000
88,10994,2005,1844,2,1,7,Pave,Y,2,620,2009,COD,Abnorml,257000
64,13053,1923,833,4,1,8,Pave,Y,2,370,2008,WD,Normal,207000
51,3635,2007,1386,1,1,7,Pave,Y,3,660,2009,WD,Normal,175900
60,11340,1885,777,4,2,11,Pave,Y,2,560,2010,WD,Normal,122500
NA,16545,1998,1284,3,1,7,Pave,Y,3,1069,2009,WD,Normal,340000
71,9204,1963,1144,3,1,6,Pave,Y,1,336,2008,COD,Normal,124000
NA,16381,1969,1844,3,1,7,Pave,Y,2,540,2006,WD,Normal,223000
90,11700,1968,708,3,1,7,Pave,Y,2,776,2006,WD,Normal,179900
53,4043,1977,1069,2,1,4,Pave,Y,2,440,2010,WD,Normal,127500
37,4435,2003,848,1,1,3,Pave,Y,2,420,2008,WD,Normal,136500
NA,19690,1966,697,4,1,8,Pave,Y,2,432,2006,WD,Alloca,274970
NA,9503,1958,1024,2,1,6,Pave,Y,1,484,2007,WD,Normal,144000
80,10721,1959,1252,3,1,7,Pave,Y,2,528,2008,WD,Normal,142000
81,10944,1994,1223,3,1,5,Pave,Y,2,525,2008,WD,Normal,271000
60,10930,1945,913,3,1,6,Pave,Y,1,288,2008,WD,Normal,140000
60,7200,1940,788,2,1,4,Pave,Y,1,240,2010,WD,Abnorml,119000
NA,12546,1981,1440,3,1,7,Pave,Y,2,467,2007,WD,Normal,182900
60,21930,2005,732,4,1,7,Pave,Y,2,372,2006,WD,Normal,192140
NA,4928,1976,958,2,1,5,Pave,Y,2,440,2009,WD,Normal,143750
60,10800,1927,656,4,1,5,Pave,Y,1,216,2007,WD,Normal,64500
93,10261,2000,936,3,1,8,Pave,Y,2,451,2008,WD,Normal,186500
80,17400,1977,1126,3,1,5,Pave,Y,2,484,2006,WD,Normal,160000
80,8400,1962,1319,3,1,7,Pave,Y,2,462,2008,COD,Abnorml,174000
60,9000,1971,864,3,1,5,Pave,Y,2,528,2007,WD,Normal,120500
96,12444,2008,1932,2,1,7,Pave,Y,3,774,2008,New,Partial,394617
90,7407,1957,912,2,1,6,Pave,Y,2,923,2010,WD,Normal,149700
80,11584,1979,539,3,1,6,Pave,Y,2,550,2007,WD,Normal,197000
79,11526,1922,588,3,1,11,Pave,Y,2,672,2008,WD,Normal,191000
NA,4426,2004,848,1,1,3,Pave,Y,2,420,2008,WD,Normal,149300
85,11003,2008,1017,3,1,10,Pave,Y,3,812,2009,WD,Normal,310000
NA,8854,1916,952,2,1,4,Pave,N,1,192,2009,WD,Normal,121000
63,8500,2004,1422,3,1,7,Pave,Y,2,626,2007,WD,Normal,179600
70,8400,1966,814,3,1,6,Pave,Y,1,240,2007,WD,Normal,129000
NA,26142,1962,1188,3,1,6,Pave,Y,1,312,2010,WD,Normal,157900
80,10000,1995,1220,3,1,8,Pave,Y,2,556,2007,WD,Normal,240000
70,11767,1910,560,2,1,6,Pave,N,1,384,2007,WD,Normal,112000
21,1533,1970,630,1,1,3,Pave,Y,0,0,2006,WD,Abnorml,92000
60,9000,1974,896,4,2,8,Pave,Y,0,0,2009,WD,Normal,136000
78,9262,2008,1573,3,1,7,Pave,Y,3,840,2009,New,Partial,287090
35,3675,2005,547,2,1,5,Pave,Y,2,525,2006,WD,Normal,145000
90,17217,2006,1140,3,1,6,Pave,Y,0,0,2006,WD,Abnorml,84500
62,7500,2004,1221,2,1,6,Pave,Y,2,400,2009,WD,Normal,185000
62,7917,1999,953,3,1,7,Pave,Y,2,460,2007,WD,Normal,175000
85,13175,1978,1542,3,1,7,Pave,Y,2,500,2010,WD,Normal,210000
66,9042,1941,1152,4,1,9,Pave,Y,1,252,2010,WD,Normal,266500
68,9717,1950,1078,2,1,5,Pave,Y,1,240,2010,WD,Normal,142125
75,9937,1965,1256,3,1,6,Pave,Y,1,276,2008,WD,Normal,147500
